asv_id,sample_id,n_reads,rel_abund
003,bre18.01.p2,11420,0.15542701599183395
004,bre18.01.p2,497,0.006764205512078939
008,bre18.01.p2,168,0.0022864920040830215
009,bre18.01.p2,24983,0.3400204151071793
010,bre18.01.p2,294,0.004001361007145287
014,bre18.01.p2,3376,0.04594760122490643
016,bre18.01.p2,96,0.0013065668594760122
019,bre18.01.p2,13798,0.18779176590677102
021,bre18.01.p2,396,0.00538958829533855
022,bre18.01.p2,6416,0.08732221844164682
025,bre18.01.p2,5860,0.07975501871384824
026,bre18.01.p2,1320,0.01796529431779517
032,bre18.01.p2,141,0.001919020074855393
037,bre18.01.p2,43,5.852330724736305e-4
041,bre18.01.p2,93,0.001265736645117387
054,bre18.01.p2,37,5.035726437563797e-4
059,bre18.01.p2,682,0.009282068730860836
064,bre18.01.p2,989,0.013460360666893502
067,bre18.01.p2,208,0.0028308948621980265
073,bre18.01.p2,1968,0.02678462061925825
099,bre18.01.p2,30,4.083021435862538e-4
135,bre18.01.p2,72,9.799251446070093e-4
151,bre18.01.p2,115,0.0015651582170806396
164,bre18.01.p2,8,1.0888057162300102e-4
184,bre18.01.p2,44,5.988431439265056e-4
218,bre18.01.p2,62,8.438244300782579e-4
227,bre18.01.p2,50,6.805035726437564e-4
229,bre18.01.p2,25,3.402517863218782e-4
232,bre18.01.p2,143,0.0019462402177611432
430,bre18.01.p2,65,8.846546444368833e-4
493,bre18.01.p2,40,5.444028581150051e-4
523,bre18.01.p2,29,3.946920721333787e-4
623,bre18.01.p2,7,9.52705001701259e-5
004,bre18.02x,2665,0.029005224205485416
008,bre18.02x,159,0.0017305180670439703
010,bre18.02x,7581,0.08250979538528515
012,bre18.02x,23,2.503265128428385e-4
014,bre18.02x,15932,0.1734000870700914
019,bre18.02x,457,0.004973878972572921
021,bre18.02x,631,0.006867653461036134
022,bre18.02x,19456,0.21175446234218545
025,bre18.02x,2440,0.026556377884196777
026,bre18.02x,3959,0.04308881149325207
029,bre18.02x,669,0.007281236395298215
032,bre18.02x,7799,0.08488245537657814
037,bre18.02x,9414,0.10245973008271658
041,bre18.02x,3398,0.0369830213321724
050,bre18.02x,746,0.008119286025250326
059,bre18.02x,2467,0.026850239442751413
063,bre18.02x,1045,0.011373530692207227
064,bre18.02x,680,0.007400957771005659
073,bre18.02x,671,0.007303003918154114
083,bre18.02x,628,0.006835002176752285
085,bre18.02x,2337,0.02543535045711798
086,bre18.02x,1484,0.016151501959077056
099,bre18.02x,1494,0.016260339573356552
105,bre18.02x,78,8.489333913800609e-4
112,bre18.02x,236,0.002568567696996082
122,bre18.02x,1223,0.013310840226382238
127,bre18.02x,145,0.0015781454070526774
130,bre18.02x,462,0.005028297779712669
135,bre18.02x,567,0.006171092729647366
146,bre18.02x,165,0.0017958206356116673
157,bre18.02x,230,0.002503265128428385
160,bre18.02x,22,2.39442751414889e-4
162,bre18.02x,98,0.001066608619939051
164,bre18.02x,49,5.333043099695255e-4
184,bre18.02x,184,0.002002612102742708
199,bre18.02x,43,4.6800174140182845e-4
205,bre18.02x,49,5.333043099695255e-4
229,bre18.02x,376,0.004092294296909012
232,bre18.02x,152,0.0016543317370483238
243,bre18.02x,168,0.0018284719198955158
255,bre18.02x,107,0.0011645624727905964
261,bre18.02x,52,5.65955594253374e-4
272,bre18.02x,161,0.0017522855898998693
304,bre18.02x,196,0.002133217239878102
326,bre18.02x,91,9.904222899434045e-4
332,bre18.02x,144,0.0015672616456247279
354,bre18.02x,11,1.197213757074445e-4
390,bre18.02x,85,9.251197213757074e-4
391,bre18.02x,42,4.5711797997387895e-4
423,bre18.02x,67,7.292120156726164e-4
433,bre18.02x,64,6.96560731388768e-4
435,bre18.02x,27,2.938615585546365e-4
438,bre18.02x,26,2.82977797126687e-4
452,bre18.02x,56,6.09490639965172e-4
457,bre18.02x,55,5.986068785372225e-4
458,bre18.02x,54,5.87723117109273e-4
459,bre18.02x,35,3.8093164997823247e-4
460,bre18.02x,28,3.04745319982586e-4
474,bre18.02x,47,5.115367871136265e-4
475,bre18.02x,47,5.115367871136265e-4
530,bre18.02x,28,3.04745319982586e-4
547,bre18.02x,23,2.503265128428385e-4
552,bre18.02x,14,1.52372659991293e-4
566,bre18.02x,11,1.197213757074445e-4
575,bre18.02x,17,1.8502394427514148e-4
606,bre18.02x,10,1.0883761427949499e-4
004,bre18.10.p2,37,6.200459169138471e-4
007,bre18.10.p2,6205,0.10398337606622761
008,bre18.10.p2,693,0.011613292443818812
009,bre18.10.p2,38,6.368039146682754e-4
010,bre18.10.p2,641,0.01074187656058854
012,bre18.10.p2,32,5.362559281417057e-4
014,bre18.10.p2,11723,0.19645400767516297
019,bre18.10.p2,1726,0.028924304124143246
021,bre18.10.p2,7218,0.12095922779146348
022,bre18.10.p2,4546,0.07618185779163106
025,bre18.10.p2,2029,0.034001977443735024
026,bre18.10.p2,6924,0.11603237645166156
029,bre18.10.p2,86,0.0014411878068808339
031,bre18.10.p2,83,0.001390913813617549
032,bre18.10.p2,1816,0.030432523922041793
037,bre18.10.p2,799,0.013389640205788212
038,bre18.10.p2,9,1.508219797898547e-4
041,bre18.10.p2,921,0.015434115931828465
059,bre18.10.p2,896,0.015015165987967758
063,bre18.10.p2,4277,0.07167395639568984
064,bre18.10.p2,2340,0.03921371474536223
073,bre18.10.p2,1002,0.01679151374993716
080,bre18.10.p2,58,9.719638697568415e-4
083,bre18.10.p2,60,0.0010054798652656982
085,bre18.10.p2,485,0.008127628910897727
086,bre18.10.p2,423,0.007088633050123172
099,bre18.10.p2,139,0.002329361687865534
105,bre18.10.p2,100,0.0016757997754428301
112,bre18.10.p2,50,8.378998877214151e-4
122,bre18.10.p2,152,0.0025472156586731015
125,bre18.10.p2,262,0.004390595411660215
127,bre18.10.p2,35,5.865299214049905e-4
135,bre18.10.p2,102,0.0017093157709516867
154,bre18.10.p2,50,8.378998877214151e-4
160,bre18.10.p2,924,0.01548438992509175
164,bre18.10.p2,178,0.0029829236002882377
170,bre18.10.p2,1005,0.016841787743200443
184,bre18.10.p2,161,0.0026980376384629565
198,bre18.10.p2,163,0.0027315536339718133
199,bre18.10.p2,141,0.0023628776833743903
232,bre18.10.p2,236,0.003954887470045079
247,bre18.10.p2,2,3.3515995508856604e-5
255,bre18.10.p2,248,0.004155983443098219
261,bre18.10.p2,260,0.004357079416151358
272,bre18.10.p2,164,0.0027483116317262414
378,bre18.10.p2,94,0.0015752517889162602
391,bre18.10.p2,41,6.870779079315604e-4
424,bre18.10.p2,67,0.001122785849546696
453,bre18.10.p2,18,3.016439595797094e-4
552,bre18.10.p2,8,1.3406398203542641e-4
631,bre18.10.p2,6,1.0054798652656981e-4
009,bre18.17,104,0.001048767697954903
010,bre18.17,81885,0.8257532975676657
011,bre18.17,13,1.3109596224436288e-4
014,bre18.17,24,2.4202331491266993e-4
022,bre18.17,67,6.756484207978702e-4
032,bre18.17,1663,0.01677019886249042
037,bre18.17,2005,0.020219031099995965
041,bre18.17,4602,0.046407970634504456
059,bre18.17,2688,0.02710661127021903
063,bre18.17,1567,0.01580210560283974
064,bre18.17,26,2.6219192448872575e-4
081,bre18.17,11,1.1092735266830705e-4
085,bre18.17,815,0.00821870840224275
099,bre18.17,1593,0.016064297527328467
122,bre18.17,331,0.003337904884837239
130,bre18.17,70,7.05901335161954e-4
135,bre18.17,729,0.007351458190472349
136,bre18.17,670,0.006756484207978702
160,bre18.17,210,0.002117704005485862
321,bre18.17,9,9.075874309225123e-5
439,bre18.17,6,6.050582872816748e-5
489,bre18.17,41,4.134564963091444e-4
494,bre18.17,6,6.050582872816748e-5
524,bre18.17,29,2.924448388528095e-4
003,bre18.19,28901,0.37696300933896804
004,bre18.19,2032,0.02650388688892367
008,bre18.19,72,9.391141023634372e-4
009,bre18.19,574,0.007486826316064068
010,bre18.19,93,0.0012130223822194397
012,bre18.19,51,6.652058225074347e-4
014,bre18.19,1833,0.023908279856002506
016,bre18.19,114,0.0014869306620754422
019,bre18.19,24510,0.3196900923462201
021,bre18.19,1100,0.014347576563885845
025,bre18.19,664,0.008660718944018365
026,bre18.19,7515,0.09802003443418375
029,bre18.19,154,0.0020086607189440183
031,bre18.19,18,2.347785255908593e-4
032,bre18.19,107,0.0013956279021234412
037,bre18.19,13,1.6956226848228727e-4
040,bre18.19,1223,0.015951896488756716
041,bre18.19,42,5.478165597120051e-4
054,bre18.19,2404,0.031355976417801426
059,bre18.19,12,1.5651901706057285e-4
064,bre18.19,540,0.007043355767725779
067,bre18.19,217,0.002830385558512026
073,bre18.19,123,0.0016043199248708718
082,bre18.19,24,3.130380341211457e-4
083,bre18.19,4,5.217300568685762e-5
086,bre18.19,248,0.0032347263525851723
090,bre18.19,4,5.217300568685762e-5
099,bre18.19,12,1.5651901706057285e-4
105,bre18.19,223,0.0029086450670423123
127,bre18.19,48,6.260760682422914e-4
139,bre18.19,120,0.0015651901706057287
141,bre18.19,83,0.0010825898680022956
151,bre18.19,43,5.608598111337194e-4
154,bre18.19,8,1.0434601137371524e-4
164,bre18.19,459,0.005986852402566912
176,bre18.19,79,0.001030416862315438
183,bre18.19,76,9.912871080502948e-4
184,bre18.19,146,0.0019043147075703032
186,bre18.19,799,0.01042155788594981
197,bre18.19,51,6.652058225074347e-4
198,bre18.19,515,0.006717274482182918
199,bre18.19,221,0.0028825585641988837
218,bre18.19,531,0.006925966504930349
227,bre18.19,32,4.1738404549486094e-4
229,bre18.19,45,5.869463139771482e-4
247,bre18.19,11,1.4347576563885844e-4
265,bre18.19,33,4.3042729691657536e-4
277,bre18.19,108,0.0014086711535451558
397,bre18.19,78,0.0010173736108937236
399,bre18.19,39,5.086868054468618e-4
403,bre18.19,75,9.782438566285803e-4
426,bre18.19,66,8.608545938331507e-4
438,bre18.19,11,1.4347576563885844e-4
476,bre18.19,47,6.13032816820577e-4
484,bre18.19,31,4.0434079407314653e-4
509,bre18.19,35,4.565137997600042e-4
518,bre18.19,30,3.912975426514322e-4
587,bre18.19,13,1.6956226848228727e-4
616,bre18.19,8,1.0434601137371524e-4
003,bre18.22.bb,50,0.33783783783783783
009,bre18.22.bb,11,0.07432432432432433
010,bre18.22.bb,20,0.13513513513513514
019,bre18.22.bb,43,0.2905405405405405
026,bre18.22.bb,17,0.11486486486486487
041,bre18.22.bb,4,0.02702702702702703
054,bre18.22.bb,3,0.02027027027027027
003,bre18.rd.p2,31,3.9695242973301746e-4
004,bre18.rd.p2,2396,0.030680581343235803
006,bre18.rd.p2,16,2.0487867341058966e-4
007,bre18.rd.p2,99,0.0012676867917280235
008,bre18.rd.p2,151,0.00193354248031244
010,bre18.rd.p2,5299,0.06785325565016967
014,bre18.rd.p2,11114,0.14231384851783085
019,bre18.rd.p2,1513,0.019373839554388886
021,bre18.rd.p2,1227,0.015711633267174594
022,bre18.rd.p2,10487,0.13428516550355338
025,bre18.rd.p2,3963,0.050745886420385425
026,bre18.rd.p2,16075,0.2058390421922018
029,bre18.rd.p2,209,0.0026762276714258275
032,bre18.rd.p2,5930,0.07593315833279979
034,bre18.rd.p2,77,9.859786157884627e-4
037,bre18.rd.p2,2397,0.030693386260323963
041,bre18.rd.p2,2132,0.027300083231961075
050,bre18.rd.p2,231,0.0029579358473653884
059,bre18.rd.p2,798,0.01021832383635316
063,bre18.rd.p2,696,0.008912222293360651
064,bre18.rd.p2,198,0.002535373583456047
073,bre18.rd.p2,775,0.009923810743325438
083,bre18.rd.p2,157,0.002010371982841411
085,bre18.rd.p2,792,0.010141494333824188
086,bre18.rd.p2,1922,0.024611050643447083
099,bre18.rd.p2,241,0.003085985018247007
105,bre18.rd.p2,153,0.0019591523144887636
112,bre18.rd.p2,2764,0.035392790831679365
122,bre18.rd.p2,242,0.0030987899353351685
127,bre18.rd.p2,221,0.00282988667648377
135,bre18.rd.p2,450,0.0057622126896728345
136,bre18.rd.p2,118,0.0015109802164030989
139,bre18.rd.p2,45,5.762212689672835e-4
144,bre18.rd.p2,133,0.0017030539727255266
146,bre18.rd.p2,1263,0.016172610282348423
154,bre18.rd.p2,6,7.682950252897112e-5
157,bre18.rd.p2,153,0.0019591523144887636
164,bre18.rd.p2,419,0.005365260259939817
172,bre18.rd.p2,175,0.0022408604904283246
183,bre18.rd.p2,20,2.560983417632371e-4
184,bre18.rd.p2,339,0.004340866892886868
186,bre18.rd.p2,3,3.841475126448556e-5
199,bre18.rd.p2,332,0.004251232473269736
205,bre18.rd.p2,562,0.007196363403546962
229,bre18.rd.p2,89,0.001139637620846405
243,bre18.rd.p2,190,0.002432934246750752
253,bre18.rd.p2,390,0.004993917664383123
270,bre18.rd.p2,98,0.0012548818746398616
323,bre18.rd.p2,151,0.00193354248031244
324,bre18.rd.p2,151,0.00193354248031244
326,bre18.rd.p2,58,7.426851911133876e-4
346,bre18.rd.p2,118,0.0015109802164030989
350,bre18.rd.p2,114,0.0014597605480504514
354,bre18.rd.p2,57,7.298802740252257e-4
374,bre18.rd.p2,96,0.001229272040463538
418,bre18.rd.p2,68,8.707343619950061e-4
438,bre18.rd.p2,24,3.073180101158845e-4
460,bre18.rd.p2,6,7.682950252897112e-5
471,bre18.rd.p2,49,6.274409373199308e-4
480,bre18.rd.p2,46,5.890261860554453e-4
531,bre18.rd.p2,27,3.4573276138037006e-4
576,bre18.rd.p2,17,2.1768359049875152e-4
582,bre18.rd.p2,16,2.0487867341058966e-4
632,bre18.rd.p2,6,7.682950252897112e-5
003,gar18.01,14,1.5729806860442907e-4
004,gar18.01,15,1.6853364493331686e-4
005,gar18.01,88554,0.9949552262283294
014,gar18.01,14,1.5729806860442907e-4
022,gar18.01,11,1.235913396177657e-4
025,gar18.01,122,0.0013707403121243104
026,gar18.01,20,2.2471152657775582e-4
040,gar18.01,25,2.8088940822219475e-4
044,gar18.01,184,0.0020673460445153535
121,gar18.01,17,1.9100479759109244e-4
292,gar18.01,8,8.988461063110232e-5
512,gar18.01,19,2.13475950248868e-4
004,gar18.01.p2,54,8.665511265164644e-4
005,gar18.01.p2,61630,0.9889915912446242
025,gar18.01.p2,178,0.002856409268887605
040,gar18.01.p2,27,4.332755632582322e-4
044,gar18.01.p2,401,0.0064349444765389304
073,gar18.01.p2,13,2.08614160087297e-4
512,gar18.01.p2,13,2.08614160087297e-4
002,gar18.02,110712,0.9745431498890884
003,gar18.02,684,0.0060209147565226575
005,gar18.02,17,1.496426182176684e-4
008,gar18.02,33,2.904827294813563e-4
010,gar18.02,8,7.042005563184395e-5
016,gar18.02,43,3.7850779902116123e-4
021,gar18.02,748,0.006584275201577409
025,gar18.02,30,2.6407520861941483e-4
034,gar18.02,22,1.9365515298757087e-4
040,gar18.02,85,7.482130910883419e-4
041,gar18.02,103,9.066582162599909e-4
044,gar18.02,189,0.0016636738143023134
045,gar18.02,119,0.0010474983275236788
060,gar18.02,88,7.746206119502835e-4
073,gar18.02,23,2.0245765994155135e-4
075,gar18.02,365,0.0032129150382028803
099,gar18.02,8,7.042005563184395e-5
148,gar18.02,110,9.682757649378543e-4
165,gar18.02,36,3.1689025034329775e-4
227,gar18.02,20,1.7605013907960989e-4
246,gar18.02,90,7.922256258582444e-4
247,gar18.02,14,1.232350973557269e-4
270,gar18.02,34,2.992852364353368e-4
562,gar18.02,20,1.7605013907960989e-4
643,gar18.02,3,2.640752086194148e-5
001,gar18.04.p1,28,5.686780266872474e-4
002,gar18.04.p1,992,0.020147450088348194
003,gar18.04.p1,69,0.001401385137193574
005,gar18.04.p1,22,4.468184495399801e-4
007,gar18.04.p1,480,0.009748766171781383
008,gar18.04.p1,257,0.005219651887807949
016,gar18.04.p1,15,3.046489428681682e-4
019,gar18.04.p1,22,4.468184495399801e-4
025,gar18.04.p1,1184,0.024046956557060746
028,gar18.04.p1,29368,0.5964620102768243
029,gar18.04.p1,1144,0.023234559376078965
031,gar18.04.p1,39,7.920872514572374e-4
040,gar18.04.p1,798,0.01620732376058655
044,gar18.04.p1,3131,0.06359038934134899
067,gar18.04.p1,35,7.108475333590592e-4
070,gar18.04.p1,17,3.4526880191725734e-4
079,gar18.04.p1,2399,0.048723520929382376
083,gar18.04.p1,3544,0.07197839023498588
105,gar18.04.p1,2705,0.054938359363893005
139,gar18.04.p1,22,4.468184495399801e-4
165,gar18.04.p1,158,0.003208968864878039
167,gar18.04.p1,4,8.12397180981782e-5
172,gar18.04.p1,828,0.016816621646322888
183,gar18.04.p1,622,0.01263277616426671
184,gar18.04.p1,7,1.4216950667181186e-4
186,gar18.04.p1,21,4.2650852001543553e-4
212,gar18.04.p1,358,0.007270954769786949
227,gar18.04.p1,120,0.002437191542945346
233,gar18.04.p1,527,0.010703332859434977
261,gar18.04.p1,9,1.8278936572090095e-4
277,gar18.04.p1,190,0.0038588866096634644
341,gar18.04.p1,6,1.218595771472673e-4
375,gar18.04.p1,96,0.0019497532343562768
399,gar18.04.p1,20,4.06198590490891e-4
001,hol18.21,42431,0.4605857322738917
003,hol18.21,6822,0.07405236420476749
004,hol18.21,1714,0.018605357995744864
006,hol18.21,12575,0.13650080326516434
007,hol18.21,199,0.002160131996005384
008,hol18.21,16898,0.18342668577135166
011,hol18.21,294,0.003191350788068256
016,hol18.21,170,0.0018453388910598758
017,hol18.21,479,0.005199513698927532
021,hol18.21,2712,0.029438582779731666
045,hol18.21,2163,0.023479223655073597
050,hol18.21,11,1.1940428118622725e-4
057,hol18.21,175,0.0018996135643263427
061,hol18.21,82,8.901046415700578e-4
067,hol18.21,614,0.00666492987712214
075,hol18.21,569,0.006176457817723937
079,hol18.21,225,0.0024423602969910123
080,hol18.21,1551,0.016836003647258044
096,hol18.21,233,0.0025291997742173593
106,hol18.21,19,2.0624375841257436e-4
107,hol18.21,1130,0.012266076158221527
125,hol18.21,289,0.003137076114801789
129,hol18.21,8,8.68394772263471e-5
144,hol18.21,102,0.0011072033346359255
155,hol18.21,50,5.427467326646694e-4
168,hol18.21,19,2.0624375841257436e-4
185,hol18.21,330,0.003582128435586818
258,hol18.21,34,3.6906777821197516e-4
269,hol18.21,25,2.713733663323347e-4
366,hol18.21,10,1.0854934653293387e-4
416,hol18.21,70,7.598454257305371e-4
427,hol18.21,66,7.164256871173636e-4
486,hol18.21,14,1.5196908514610743e-4
555,hol18.21,21,2.2795362771916113e-4
588,hol18.21,13,1.4111415049281403e-4
624,hol18.21,7,7.598454257305372e-5
001,hol18.39d,14874,0.1734921208869397
003,hol18.39d,1103,0.012865524360514621
004,hol18.39d,290,0.003382594800135304
005,hol18.39d,10,1.1664120000466564e-4
006,hol18.39d,1004,0.011710776480468432
007,hol18.39d,83,9.681219600387249e-4
008,hol18.39d,38185,0.4453944222178158
010,hol18.39d,6,6.998472000279939e-5
013,hol18.39d,13,1.5163356000606534e-4
016,hol18.39d,84,9.797860800391915e-4
017,hol18.39d,313,0.0036508695601460348
021,hol18.39d,11410,0.1330876092053235
029,hol18.39d,17,1.982900400079316e-4
045,hol18.39d,5755,0.06712701060268508
061,hol18.39d,361,0.00421074732016843
067,hol18.39d,53,6.181983600247279e-4
069,hol18.39d,59,6.881830800275273e-4
075,hol18.39d,2877,0.03355767324134231
079,hol18.39d,638,0.0074417085602976685
080,hol18.39d,3714,0.04332054168173282
096,hol18.39d,122,0.001423022640056921
101,hol18.39d,37,4.315724400172629e-4
104,hol18.39d,39,4.5490068001819605e-4
107,hol18.39d,2076,0.024214713120968588
116,hol18.39d,55,6.415266000256611e-4
125,hol18.39d,272,0.0031726406401269055
129,hol18.39d,245,0.0028577094001143084
144,hol18.39d,448,0.005225525760209021
155,hol18.39d,1119,0.013052150280522087
168,hol18.39d,135,0.0015746562000629862
185,hol18.39d,22,2.566106400102644e-4
198,hol18.39d,48,5.598777600223951e-4
258,hol18.39d,182,0.0021228698400849147
322,hol18.39d,43,5.015571600200623e-4
490,hol18.39d,41,4.7822892001912916e-4
001,hol18.42,17,2.2724538491357993e-4
003,hol18.42,6273,0.08385354703311099
004,hol18.42,119,0.0015907176943950594
008,hol18.42,133,0.0017778609525591841
011,hol18.42,2007,0.026828322795385582
016,hol18.42,14264,0.1906722453180767
017,hol18.42,20806,0.2781216163830555
021,hol18.42,61,8.154099105722574e-4
024,hol18.42,29790,0.39821411862209094
045,hol18.42,512,0.006844096298573701
074,hol18.42,16,2.1387800933042817e-4
075,hol18.42,161,0.0021521474688874333
098,hol18.42,5,6.68368779157588e-5
101,hol18.42,27,3.609191407450975e-4
111,hol18.42,295,0.003943375797029769
129,hol18.42,15,2.005106337472764e-4
168,hol18.42,218,0.0029140878771270837
193,hol18.42,16,2.1387800933042817e-4
248,hol18.42,21,2.8071488724618694e-4
298,hol18.42,33,4.4112339424400807e-4
507,hol18.42,12,1.6040850699782113e-4
513,hol18.42,8,1.0693900466521408e-4
002,hol18.42b,7,1.2453521678023092e-4
003,hol18.42b,8144,0.14488782935117153
004,hol18.42b,625,0.01111921578394919
006,hol18.42b,262,0.0046611752566315
008,hol18.42b,2660,0.04732338237648775
010,hol18.42b,8,1.4232596203454963e-4
011,hol18.42b,7946,0.1413652617908164
016,hol18.42b,19124,0.3402302122435909
017,hol18.42b,5613,0.09985945311249088
021,hol18.42b,69,0.0012275614225479906
024,hol18.42b,9129,0.16241171342667543
045,hol18.42b,591,0.010514330445302355
056,hol18.42b,85,0.0015122133466170897
074,hol18.42b,74,0.0013165151488195841
075,hol18.42b,167,0.0029710544574712235
089,hol18.42b,4,7.116298101727481e-5
098,hol18.42b,5,8.895372627159351e-5
111,hol18.42b,229,0.004074080663238983
125,hol18.42b,38,6.760483196641108e-4
168,hol18.42b,158,0.002810937750182355
175,hol18.42b,28,4.981408671209237e-4
185,hol18.42b,138,0.002455122845095981
193,hol18.42b,63,0.0011208169510220783
221,hol18.42b,144,0.0025618673166218934
248,hol18.42b,358,0.006369086801046096
258,hol18.42b,77,0.0013698873845825403
298,hol18.42b,27,4.80350121866605e-4
322,hol18.42b,43,7.650020459357042e-4
342,hol18.42b,123,0.0021882616662812007
404,hol18.42b,74,0.0013165151488195841
417,hol18.42b,69,0.0012275614225479906
441,hol18.42b,60,0.0010674447152591222
467,hol18.42b,51,9.073280079702539e-4
553,hol18.42b,16,2.8465192406909926e-4
001,hol18.47,726,0.010172483851532178
003,hol18.47,14648,0.2052431728061203
004,hol18.47,31,4.343622581232748e-4
006,hol18.47,9157,0.12830500637531703
008,hol18.47,73,0.0010228530594515825
010,hol18.47,5,7.005842872956045e-5
011,hol18.47,4480,0.06277235214168617
012,hol18.47,6,8.407011447547254e-5
016,hol18.47,28774,0.4031722456528745
017,hol18.47,9328,0.130701004637868
021,hol18.47,59,8.266894590088133e-4
045,hol18.47,205,0.0028723955779119785
050,hol18.47,686,0.009612016421695695
056,hol18.47,356,0.004988160125544704
057,hol18.47,226,0.0031666409785761325
060,hol18.47,159,0.0022278580336000226
067,hol18.47,64,8.967478877383738e-4
075,hol18.47,82,0.0011489582311647914
087,hol18.47,1092,0.015300760834536003
096,hol18.47,83,0.0011629699169107034
098,hol18.47,94,0.0013170984601157366
111,hol18.47,13,1.8215191469685718e-4
129,hol18.47,22,3.08257086410066e-4
144,hol18.47,67,9.3878294497611e-4
176,hol18.47,3,4.203505723773627e-5
185,hol18.47,204,0.0028583838921660666
193,hol18.47,62,8.687245162465496e-4
221,hol18.47,61,8.547128305006375e-4
248,hol18.47,52,7.286076587874287e-4
278,hol18.47,9,1.261051717132088e-4
291,hol18.47,37,5.184323725987473e-4
299,hol18.47,220,0.00308257086410066
369,hol18.47,98,0.0013731452030993848
370,hol18.47,7,9.808180022138464e-5
419,hol18.47,18,2.522103434264176e-4
431,hol18.47,14,1.9616360044276928e-4
448,hol18.47,58,8.126777732629012e-4
462,hol18.47,4,5.6046742983648365e-5
536,hol18.47,26,3.6430382939371436e-4
538,hol18.47,10,1.401168574591209e-4
553,hol18.47,6,8.407011447547254e-5
556,hol18.47,21,2.942454006641539e-4
607,hol18.47,10,1.401168574591209e-4
625,hol18.47,7,9.808180022138464e-5
633,hol18.47,6,8.407011447547254e-5
134,lib18.01.p2,6,0.17142857142857143
168,lib18.01.p2,10,0.2857142857142857
334,lib18.01.p2,19,0.5428571428571428
003,nes18.01,1467,0.018609902447068973
004,nes18.01,7501,0.09515533623412703
008,nes18.01,11567,0.14673533851755063
009,nes18.01,225,0.0028542795164216215
010,nes18.01,31,3.932562889292012e-4
012,nes18.01,14,1.775996143551231e-4
014,nes18.01,7963,0.1010161235078461
016,nes18.01,103,0.00130662573418412
019,nes18.01,15,1.9028530109477476e-4
021,nes18.01,275,0.003488563853404204
023,nes18.01,2042,0.025904172322368673
025,nes18.01,220,0.0027908510827233633
029,nes18.01,146,0.001852110263989141
032,nes18.01,55,6.977127706808408e-4
034,nes18.01,56,7.103984574204924e-4
040,nes18.01,384,0.004871303708026234
041,nes18.01,226,0.002866965203161273
044,nes18.01,105,0.0013319971076634234
045,nes18.01,81,0.0010275406259117837
048,nes18.01,8261,0.10479645815626229
052,nes18.01,7330,0.09298608380164661
053,nes18.01,6710,0.08512095802306258
055,nes18.01,1275,0.016174250593055856
057,nes18.01,3852,0.04886526532113816
058,nes18.01,178,0.002258052239657994
063,nes18.01,20,2.5371373479303303e-4
067,nes18.01,24,3.044564817516396e-4
070,nes18.01,4156,0.05272171408999226
075,nes18.01,118,0.001496911035278895
082,nes18.01,2180,0.0276547970924406
083,nes18.01,621,0.007877811465323676
086,nes18.01,211,0.0026766799020664983
099,nes18.01,10,1.2685686739651652e-4
100,nes18.01,19,2.4102804805338138e-4
110,nes18.01,435,0.005518273731748468
114,nes18.01,1906,0.024178918925776047
121,nes18.01,1626,0.020626926638673583
145,nes18.01,1312,0.016643621002422965
148,nes18.01,82,0.0010402263126514353
151,nes18.01,104,0.0013193114209237716
153,nes18.01,1288,0.016339164520671325
165,nes18.01,15,1.9028530109477476e-4
178,nes18.01,46,5.83541590023976e-4
207,nes18.01,436,0.00553095941848812
212,nes18.01,156,0.0019789671313856574
224,nes18.01,369,0.004681018406931459
231,nes18.01,533,0.00676147103223433
240,nes18.01,111,0.0014081112281013333
241,nes18.01,72,9.133694452549189e-4
245,nes18.01,281,0.0035646779738421138
247,nes18.01,15,1.9028530109477476e-4
252,nes18.01,245,0.0031079932512146544
261,nes18.01,15,1.9028530109477476e-4
262,nes18.01,179,0.0022707379263976453
264,nes18.01,51,6.469700237222342e-4
265,nes18.01,73,9.260551319945705e-4
267,nes18.01,214,0.0027147369622854533
270,nes18.01,6,7.61141204379099e-5
273,nes18.01,312,0.003957934262771315
282,nes18.01,275,0.003488563853404204
292,nes18.01,77,9.767978789531771e-4
302,nes18.01,211,0.0026766799020664983
330,nes18.01,146,0.001852110263989141
333,nes18.01,139,0.0017633104568115796
334,nes18.01,14,1.775996143551231e-4
337,nes18.01,134,0.0016998820231133212
339,nes18.01,131,0.0016618249628943664
355,nes18.01,36,4.5668472262745945e-4
360,nes18.01,105,0.0013319971076634234
392,nes18.01,36,4.5668472262745945e-4
401,nes18.01,12,1.522282408758198e-4
436,nes18.01,63,7.991982645980541e-4
487,nes18.01,23,2.91770795011988e-4
519,nes18.01,30,3.805706021895495e-4
532,nes18.01,27,3.4251354197059456e-4
577,nes18.01,17,2.1565667457407807e-4
589,nes18.01,13,1.6491392761547145e-4
590,nes18.01,13,1.6491392761547145e-4
639,nes18.01,4,5.0742746958606604e-5
003,nes18.03,438,0.005836498101139316
004,nes18.03,28344,0.3776933839696182
008,nes18.03,13692,0.1824505296821907
012,nes18.03,1245,0.01659004597241655
021,nes18.03,1301,0.017336264907722033
025,nes18.03,16952,0.22589113198747418
034,nes18.03,381,0.0050769538277033776
040,nes18.03,742,0.009887400892797655
044,nes18.03,995,0.013258711439802786
045,nes18.03,323,0.004304084216136985
055,nes18.03,3769,0.050223199413685124
057,nes18.03,52,6.929175827836632e-4
058,nes18.03,1682,0.02241321873542541
061,nes18.03,56,7.462189353054833e-4
067,nes18.03,110,0.0014657871943500565
075,nes18.03,177,0.0023585848490905456
079,nes18.03,278,0.0037044440002665067
086,nes18.03,410,0.005463388633486574
096,nes18.03,28,3.7310946765274167e-4
114,nes18.03,605,0.008061829568925311
121,nes18.03,823,0.010966753281364514
148,nes18.03,513,0.006835898460923446
151,nes18.03,25,3.331334532613765e-4
153,nes18.03,36,4.797121726963822e-4
165,nes18.03,847,0.011286561396495436
197,nes18.03,48,6.396162302618429e-4
227,nes18.03,55,7.328935971750283e-4
240,nes18.03,353,0.0047038443600506364
241,nes18.03,106,0.0014124858418282365
264,nes18.03,21,2.798321007395563e-4
270,nes18.03,18,2.398560863481911e-4
287,nes18.03,197,0.002625091611699647
288,nes18.03,252,0.0033579852088746753
355,nes18.03,15,1.998800719568259e-4
376,nes18.03,96,0.0012792324605236857
392,nes18.03,23,3.0648277700046637e-4
484,nes18.03,13,1.732293956959158e-4
591,nes18.03,13,1.732293956959158e-4
609,nes18.03,9,1.1992804317409555e-4
649,nes18.03,2,2.6650676260910122e-5
004,pan18.01,102,0.001093353056564942
008,pan18.01,6,6.43148856802907e-5
012,pan18.01,288,0.0030871145126539538
013,pan18.01,19834,0.2126035737638143
019,pan18.01,232,0.002486842246304574
022,pan18.01,37,3.96608461695126e-4
025,pan18.01,11,1.1791062374719962e-4
030,pan18.01,6974,0.07475533545572456
034,pan18.01,7785,0.08344856417017718
035,pan18.01,223,0.002390369917784138
040,pan18.01,346,0.003708825074230097
042,pan18.01,13483,0.14452626727122658
043,pan18.01,9591,0.10280734475994469
044,pan18.01,17,1.8222550942749032e-4
046,pan18.01,5178,0.055503746342090876
052,pan18.01,21,2.2510209988101747e-4
059,pan18.01,72,7.717786281634884e-4
064,pan18.01,2170,0.02326055032103847
065,pan18.01,1729,0.018533406223537104
071,pan18.01,25,2.679786903345446e-4
078,pan18.01,2158,0.02313192054967789
082,pan18.01,705,0.007556999067434157
088,pan18.01,2055,0.022027848345499566
090,pan18.01,1329,0.01424574717818439
093,pan18.01,3671,0.039349990888724526
097,pan18.01,318,0.003408688941055407
100,pan18.01,27,2.8941698556130815e-4
102,pan18.01,420,0.004502041997620349
109,pan18.01,1438,0.015414134268043006
115,pan18.01,2895,0.031031932340740264
118,pan18.01,66,7.074637424831977e-4
120,pan18.01,849,0.009100556323761135
124,pan18.01,112,0.0012005445326987599
128,pan18.01,97,0.001039757318498033
138,pan18.01,114,0.0012219828279255234
139,pan18.01,1115,0.011951849588920689
142,pan18.01,107,0.0011469487946318508
148,pan18.01,96,0.0010290381708846512
150,pan18.01,38,4.073276093085078e-4
152,pan18.01,695,0.0074498075913003396
169,pan18.01,1064,0.011405173060638218
174,pan18.01,566,0.00606703754917409
178,pan18.01,108,0.0011576679422452326
179,pan18.01,772,0.0082751819575307365
180,pan18.01,923,0.009893773247151386
181,pan18.01,415,0.00444844625955344
189,pan18.01,403,0.004319816488192859
190,pan18.01,12,1.286297713605814e-4
194,pan18.01,15,1.6078721420072675e-4
205,pan18.01,31,3.322935760148353e-4
210,pan18.01,170,0.0018222550942749033
234,pan18.01,17,1.8222550942749032e-4
244,pan18.01,48,5.145190854423256e-4
246,pan18.01,35,3.7517016646836245e-4
249,pan18.01,257,0.0027548209366391185
254,pan18.01,351,0.003762420812297006
256,pan18.01,191,0.0020473571941559206
266,pan18.01,52,5.573956758958528e-4
284,pan18.01,202,0.0021652678179031205
316,pan18.01,165,0.0017686593562079944
343,pan18.01,123,0.0013184551564459593
345,pan18.01,122,0.0013077360088325776
363,pan18.01,16,1.7150636181410855e-4
381,pan18.01,92,9.861615804311241e-4
401,pan18.01,64,6.860254472564342e-4
411,pan18.01,66,7.074637424831977e-4
428,pan18.01,66,7.074637424831977e-4
444,pan18.01,18,1.929446570408721e-4
466,pan18.01,52,5.573956758958528e-4
472,pan18.01,11,1.1791062374719962e-4
477,pan18.01,31,3.322935760148353e-4
494,pan18.01,34,3.6445101885498063e-4
497,pan18.01,39,4.180467569218896e-4
503,pan18.01,38,4.073276093085078e-4
506,pan18.01,37,3.96608461695126e-4
514,pan18.01,31,3.322935760148353e-4
515,pan18.01,31,3.322935760148353e-4
525,pan18.01,29,3.1085528078807174e-4
526,pan18.01,29,3.1085528078807174e-4
533,pan18.01,12,1.286297713605814e-4
542,pan18.01,24,2.572595427211628e-4
543,pan18.01,9,9.647232852043605e-5
563,pan18.01,20,2.1438295226763567e-4
564,pan18.01,20,2.1438295226763567e-4
578,pan18.01,17,1.8222550942749032e-4
592,pan18.01,13,1.393489189739632e-4
599,pan18.01,12,1.286297713605814e-4
610,pan18.01,9,9.647232852043605e-5
002,pan18.ro,8,1.0969873983572614e-4
004,pan18.ro,590,0.008090282062884802
008,pan18.ro,72,9.872886585215353e-4
009,pan18.ro,17,2.3310982215091804e-4
010,pan18.ro,9569,0.13121340518600794
013,pan18.ro,37,5.073566717402334e-4
014,pan18.ro,1249,0.017126715756852744
022,pan18.ro,55,7.541788363706172e-4
023,pan18.ro,38319,0.5254432514706487
025,pan18.ro,147,0.0020157143444814677
026,pan18.ro,17,2.3310982215091804e-4
029,pan18.ro,1330,0.01823741549768947
032,pan18.ro,3096,0.04245341231642601
034,pan18.ro,3398,0.04659453974522468
041,pan18.ro,2001,0.027438397301411
042,pan18.ro,31,4.2508261686343877e-4
043,pan18.ro,12,1.645481097535892e-4
046,pan18.ro,71,9.735763160420694e-4
048,pan18.ro,65,8.913022611652749e-4
053,pan18.ro,2043,0.028014315685548564
055,pan18.ro,92,0.0012615355081108505
063,pan18.ro,49,6.719047814938226e-4
070,pan18.ro,9,1.234110823151919e-4
073,pan18.ro,18,2.468221646303838e-4
082,pan18.ro,1260,0.017277551524126866
099,pan18.ro,48,6.581924390143568e-4
100,pan18.ro,206,0.002824742550769948
110,pan18.ro,2366,0.03244340230641601
130,pan18.ro,1425,0.019540088033238718
133,pan18.ro,1980,0.027150438109342218
140,pan18.ro,1116,0.015302974207083797
145,pan18.ro,167,0.002289961194070783
146,pan18.ro,90,0.001234110823151919
159,pan18.ro,174,0.0023859475914270434
160,pan18.ro,22,3.0167153454824686e-4
178,pan18.ro,93,0.0012752478505903162
207,pan18.ro,17,2.3310982215091804e-4
217,pan18.ro,595,0.00815884377528213
224,pan18.ro,8,1.0969873983572614e-4
245,pan18.ro,118,0.0016180564125769605
260,pan18.ro,34,4.662196443018361e-4
262,pan18.ro,119,0.0016317687550564263
265,pan18.ro,17,2.3310982215091804e-4
267,pan18.ro,61,8.364528912474118e-4
292,pan18.ro,150,0.002056851371919865
297,pan18.ro,224,0.003071564715400332
303,pan18.ro,209,0.0028658795782083453
307,pan18.ro,23,3.1538387702771263e-4
453,pan18.ro,38,5.210690142196992e-4
557,pan18.ro,21,2.879591920687811e-4
569,pan18.ro,18,2.468221646303838e-4
570,pan18.ro,18,2.468221646303838e-4
617,pan18.ro,8,1.0969873983572614e-4
626,pan18.ro,7,9.598639735626038e-5
004,sax18.01,325,0.004694360989137971
012,sax18.01,22619,0.3267130806563439
013,sax18.01,23,3.3221631615437946e-4
018,sax18.01,35284,0.5096487173561359
021,sax18.01,160,0.0023110700254217703
024,sax18.01,13,1.8777443956551884e-4
026,sax18.01,880,0.012710885139819737
028,sax18.01,51,7.366535706031892e-4
031,sax18.01,13,1.8777443956551884e-4
034,sax18.01,8,1.1555350127108852e-4
037,sax18.01,44,6.355442569909868e-4
038,sax18.01,1099,0.015874162237115786
040,sax18.01,632,0.009128726600415993
044,sax18.01,12,1.7333025190663278e-4
054,sax18.01,155,0.00223884908712734
055,sax18.01,80,0.0011555350127108851
058,sax18.01,382,0.005517679685694476
059,sax18.01,321,0.004636584238502427
066,sax18.01,962,0.013895308527848394
077,sax18.01,594,0.008579847469378322
085,sax18.01,66,9.533163854864803e-4
122,sax18.01,37,5.344349433787844e-4
127,sax18.01,794,0.011468685001155535
134,sax18.01,1631,0.023558470071643172
159,sax18.01,137,0.001978853709267391
168,sax18.01,36,5.199907557198983e-4
176,sax18.01,162,0.0023399584007395423
183,sax18.01,28,4.044372544488098e-4
184,sax18.01,11,1.588860642477467e-4
188,sax18.01,31,4.47769817425468e-4
192,sax18.01,304,0.004391033048301364
193,sax18.01,31,4.47769817425468e-4
200,sax18.01,162,0.0023399584007395423
208,sax18.01,203,0.002932170094753871
212,sax18.01,62,8.95539634850936e-4
235,sax18.01,13,1.8777443956551884e-4
246,sax18.01,98,0.0014155303905708343
247,sax18.01,76,0.001097758262075341
251,sax18.01,244,0.0035243817887681997
260,sax18.01,202,0.002917725907094985
265,sax18.01,44,6.355442569909868e-4
285,sax18.01,163,0.0023544025883984283
290,sax18.01,126,0.001819967645019644
312,sax18.01,70,0.0010110931361220245
313,sax18.01,92,0.0013288652646175178
314,sax18.01,95,0.001372197827594176
315,sax18.01,31,4.47769817425468e-4
334,sax18.01,56,8.088745088976196e-4
335,sax18.01,74,0.0010688698867575687
341,sax18.01,8,1.1555350127108852e-4
370,sax18.01,66,9.533163854864803e-4
380,sax18.01,80,0.0011555350127108851
399,sax18.01,12,1.7333025190663278e-4
400,sax18.01,77,0.001112202449734227
412,sax18.01,71,0.0010255373237809105
429,sax18.01,66,9.533163854864803e-4
445,sax18.01,35,5.055465680610122e-4
513,sax18.01,6,8.666512595331639e-5
534,sax18.01,19,2.7443956551883523e-4
539,sax18.01,8,1.1555350127108852e-4
585,sax18.01,14,2.022186272244049e-4
593,sax18.01,13,1.8777443956551884e-4
618,sax18.01,8,1.1555350127108852e-4
627,sax18.01,7,1.0110931361220245e-4
640,sax18.01,4,5.777675063554426e-5
650,sax18.01,2,2.888837531777213e-5
001,sax18.01.p1,15,2.3864070255822834e-4
004,sax18.01.p1,186,0.0029591447117220315
006,sax18.01.p1,291,0.004629629629629629
007,sax18.01.p1,36,5.72737686139748e-4
009,sax18.01.p1,49,7.795596283568792e-4
012,sax18.01.p1,17595,0.27992554410080184
018,sax18.01.p1,26642,0.4238577065037546
021,sax18.01.p1,463,0.0073660430189639815
026,sax18.01.p1,893,0.01420707649229986
031,sax18.01.p1,11,1.750031818760341e-4
035,sax18.01.p1,7,1.1136566119383989e-4
037,sax18.01.p1,159,0.0025295914471172203
038,sax18.01.p1,1564,0.02488227058673794
040,sax18.01.p1,1061,0.01687985236095202
045,sax18.01.p1,79,0.001256841033473336
054,sax18.01.p1,42,6.681939671630393e-4
055,sax18.01.p1,165,0.0026250477281405116
058,sax18.01.p1,818,0.013013872979508718
059,sax18.01.p1,160,0.0025455008272877687
066,sax18.01.p1,6314,0.10045182639684358
077,sax18.01.p1,486,0.007731958762886598
080,sax18.01.p1,62,9.863815705740105e-4
087,sax18.01.p1,226,0.0035955199185439737
095,sax18.01.p1,56,8.909252895507191e-4
122,sax18.01.p1,33,5.250095456281024e-4
127,sax18.01.p1,998,0.015877561410207457
134,sax18.01.p1,314,0.004995545373552246
159,sax18.01.p1,42,6.681939671630393e-4
165,sax18.01.p1,17,2.7045946289932545e-4
168,sax18.01.p1,15,2.3864070255822834e-4
176,sax18.01.p1,695,0.011057019218531246
183,sax18.01.p1,10,1.5909380170548554e-4
188,sax18.01.p1,126,0.002004581901489118
192,sax18.01.p1,497,0.007906961944762632
193,sax18.01.p1,184,0.0029273259513809343
200,sax18.01.p1,213,0.0033886979763268423
208,sax18.01.p1,425,0.006761486572483136
212,sax18.01.p1,40,6.363752068219422e-4
246,sax18.01.p1,191,0.003038691612574774
247,sax18.01.p1,256,0.00407280132366043
251,sax18.01.p1,159,0.0025295914471172203
260,sax18.01.p1,130,0.0020682194221713123
265,sax18.01.p1,32,5.091001654575538e-4
285,sax18.01.p1,93,0.0014795723558610157
290,sax18.01.p1,113,0.0017977599592719868
312,sax18.01.p1,107,0.0017023036782486953
313,sax18.01.p1,82,0.0013045691739849816
314,sax18.01.p1,77,0.0012250222731322387
315,sax18.01.p1,140,0.0022273132238767976
334,sax18.01.p1,46,7.318314878452336e-4
335,sax18.01.p1,61,9.704721904034619e-4
341,sax18.01.p1,8,1.2727504136438844e-4
367,sax18.01.p1,99,0.001575028636884307
370,sax18.01.p1,4,6.363752068219422e-5
380,sax18.01.p1,13,2.068219422171312e-4
399,sax18.01.p1,6,9.545628102329134e-5
405,sax18.01.p1,73,0.0011613847524500444
445,sax18.01.p1,24,3.8182512409316535e-4
470,sax18.01.p1,50,7.954690085274278e-4
504,sax18.01.p1,11,1.750031818760341e-4
520,sax18.01.p1,12,1.9091256204658267e-4
534,sax18.01.p1,8,1.2727504136438844e-4
535,sax18.01.p1,27,4.29553264604811e-4
539,sax18.01.p1,17,2.7045946289932545e-4
600,sax18.01.p1,12,1.9091256204658267e-4
604,sax18.01.p1,11,1.750031818760341e-4
605,sax18.01.p1,5,7.954690085274277e-5
001,sey18.07,61672,0.89707336940711
002,sey18.07,2,2.9091755396520627e-5
003,sey18.07,133,0.0019346017338686217
004,sey18.07,162,0.0023564321871181707
008,sey18.07,64,9.309361726886601e-4
017,sey18.07,45,6.545644964217141e-4
021,sey18.07,3852,0.056030720893698725
029,sey18.07,243,0.0035346482806772562
045,sey18.07,843,0.012262174899633443
061,sey18.07,327,0.004756502007331122
075,sey18.07,82,0.0011927619712573457
079,sey18.07,43,6.254727410251934e-4
096,sey18.07,326,0.004741956129632862
108,sey18.07,174,0.0025309827194972944
136,sey18.07,287,0.00417466689940071
185,sey18.07,22,3.200093093617269e-4
188,sey18.07,323,0.004698318496538081
241,sey18.07,56,8.145691511025775e-4
387,sey18.07,89,0.001294583115145168
644,sey18.07,3,4.363763309478094e-5
001,sey18.22a,18,1.8148088401355057e-4
002,sey18.22a,89692,0.9042990804968544
003,sey18.22a,1085,0.010939264397483465
004,sey18.22a,1100,0.011090498467494757
012,sey18.22a,12,1.2098725600903371e-4
013,sey18.22a,26,2.6213905468623974e-4
014,sey18.22a,123,0.0012401193740925955
016,sey18.22a,722,0.007279399903210195
022,sey18.22a,9,9.074044200677529e-5
025,sey18.22a,60,6.049362800451686e-4
029,sey18.22a,110,0.0011090498467494756
031,sey18.22a,93,9.376512340700113e-4
032,sey18.22a,113,0.001139296660751734
034,sey18.22a,6,6.049362800451686e-5
037,sey18.22a,1588,0.016010646878528795
040,sey18.22a,538,0.005424261977738345
041,sey18.22a,47,4.738667527020487e-4
044,sey18.22a,764,0.007702855299241813
045,sey18.22a,9,9.074044200677529e-5
046,sey18.22a,52,5.242781093724795e-4
054,sey18.22a,189,0.001905549282142281
055,sey18.22a,53,5.343603807065656e-4
057,sey18.22a,76,7.662526213905469e-4
058,sey18.22a,284,0.0028633650588804644
067,sey18.22a,411,0.004143813518309405
113,sey18.22a,71,7.158412647201161e-4
114,sey18.22a,5,5.0411356670430714e-5
136,sey18.22a,308,0.003105339570898532
151,sey18.22a,142,0.0014316825294402322
154,sey18.22a,31,3.1255041135667044e-4
158,sey18.22a,36,3.6296176802710114e-4
166,sey18.22a,23,2.318922406839813e-4
167,sey18.22a,49,4.94031295370221e-4
171,sey18.22a,187,0.0018853847394741088
183,sey18.22a,18,1.8148088401355057e-4
203,sey18.22a,244,0.002460074205517019
213,sey18.22a,294,0.002964187772221326
220,sey18.22a,333,0.0033573963542506855
225,sey18.22a,25,2.5205678335215356e-4
247,sey18.22a,8,8.065817067268914e-5
261,sey18.22a,34,3.427972253589289e-4
265,sey18.22a,40,4.032908533634457e-4
396,sey18.22a,79,7.964994353928052e-4
504,sey18.22a,27,2.7222132602032587e-4
544,sey18.22a,19,1.9156315534763673e-4
548,sey18.22a,23,2.318922406839813e-4
566,sey18.22a,8,8.065817067268914e-5
001,sey18.25.p1,82,8.602421266863892e-4
003,sey18.25.p1,214,0.0022450221354986255
004,sey18.25.p1,275,0.0028849583516921593
007,sey18.25.p1,1407,0.014760496003021338
008,sey18.25.p1,86,9.022051572564571e-4
011,sey18.25.p1,7916,0.08304483749816412
015,sey18.25.p1,31661,0.3321478777197289
017,sey18.25.p1,6240,0.06546232768930572
018,sey18.25.p1,23,2.4128742577788967e-4
021,sey18.25.p1,116,0.0012169278865319653
029,sey18.25.p1,6,6.294454585510165e-5
033,sey18.25.p1,9887,0.10372212081156501
039,sey18.25.p1,7116,0.07465223138415056
047,sey18.25.p1,2561,0.02686683032248589
049,sey18.25.p1,4035,0.04233020708755586
072,sey18.25.p1,4438,0.04655798241749019
076,sey18.25.p1,2718,0.02851387927236105
080,sey18.25.p1,31,3.2521348691802525e-4
089,sey18.25.p1,2201,0.02309015757117979
096,sey18.25.p1,448,0.0046998594238475905
098,sey18.25.p1,2162,0.02268101802312163
101,sey18.25.p1,2514,0.026373764713287593
111,sey18.25.p1,23,2.4128742577788967e-4
116,sey18.25.p1,1682,0.017645454354713496
117,sey18.25.p1,1955,0.020509431191120624
125,sey18.25.p1,308,0.0032311533538952183
129,sey18.25.p1,341,0.0035773483560982773
149,sey18.25.p1,1115,0.011697194771406391
173,sey18.25.p1,541,0.005675499884601666
175,sey18.25.p1,426,0.004469062755712218
183,sey18.25.p1,25,2.6226894106292357e-4
193,sey18.25.p1,66,6.923900044061182e-4
195,sey18.25.p1,468,0.004909674576697929
204,sey18.25.p1,164,0.0017204842533727785
214,sey18.25.p1,54,5.665009126959149e-4
221,sey18.25.p1,195,0.002045697740290804
257,sey18.25.p1,167,0.0017519565263003293
275,sey18.25.p1,227,0.002381401984851346
278,sey18.25.p1,176,0.0018463733450829818
283,sey18.25.p1,137,0.0014372337970248211
291,sey18.25.p1,61,6.399362161935335e-4
319,sey18.25.p1,81,8.497513690438723e-4
321,sey18.25.p1,94,9.861312183965926e-4
338,sey18.25.p1,105,0.001101529552464279
340,sey18.25.p1,28,2.937412139904744e-4
365,sey18.25.p1,101,0.0010595665218942113
366,sey18.25.p1,63,6.609177314785674e-4
385,sey18.25.p1,70,7.34353034976186e-4
402,sey18.25.p1,76,7.972975808312877e-4
407,sey18.25.p1,26,2.7275969870544053e-4
413,sey18.25.p1,71,7.448437926187029e-4
419,sey18.25.p1,32,3.3570424456054216e-4
432,sey18.25.p1,65,6.818992467636012e-4
434,sey18.25.p1,64,6.714084891210843e-4
442,sey18.25.p1,60,6.294454585510166e-4
454,sey18.25.p1,56,5.874824279809488e-4
462,sey18.25.p1,23,2.4128742577788967e-4
510,sey18.25.p1,13,1.3637984935272027e-4
579,sey18.25.p1,17,1.7834287992278802e-4
611,sey18.25.p1,9,9.441681878265249e-5
001,sey18.25.p2,379,0.0040886779222180265
003,sey18.25.p2,33,3.560062570796699e-4
004,sey18.25.p2,92,9.925022924645343e-4
005,sey18.25.p2,60,6.47284103781218e-4
007,sey18.25.p2,793,0.00855493823830843
008,sey18.25.p2,135,0.0014563892335077405
011,sey18.25.p2,1436,0.015491666217163818
015,sey18.25.p2,41964,0.45271050218458386
017,sey18.25.p2,4502,0.04856788392038405
021,sey18.25.p2,603,0.006505205243001241
025,sey18.25.p2,58,6.257079669885107e-4
032,sey18.25.p2,17,1.8339716273801175e-4
033,sey18.25.p2,11220,0.12104212740708777
039,sey18.25.p2,8857,0.09554992178650412
047,sey18.25.p2,1524,0.016441016236042938
049,sey18.25.p2,5998,0.06470683424132909
072,sey18.25.p2,1362,0.014693349155833648
076,sey18.25.p2,3146,0.03393926317492853
089,sey18.25.p2,2308,0.024898861858784184
096,sey18.25.p2,209,0.0022547062948379093
098,sey18.25.p2,1006,0.010852796806731754
101,sey18.25.p2,685,0.007389826851502239
116,sey18.25.p2,909,0.009806354172285453
117,sey18.25.p2,801,0.00864124278547926
125,sey18.25.p2,344,0.0037110955283456495
129,sey18.25.p2,251,0.002707805167484762
149,sey18.25.p2,306,0.0033011489292842115
173,sey18.25.p2,434,0.004682021684017477
175,sey18.25.p2,325,0.0035061222288149305
193,sey18.25.p2,52,5.609795566103889e-4
195,sey18.25.p2,281,0.0030314472193753708
204,sey18.25.p2,486,0.0052430012406278655
214,sey18.25.p2,554,0.005976589891579912
216,sey18.25.p2,42,4.530988726468526e-4
221,sey18.25.p2,76,8.198931981228761e-4
257,sey18.25.p2,217,0.0023410108420087385
275,sey18.25.p2,83,8.954096768973515e-4
278,sey18.25.p2,113,0.0012190517287879606
283,sey18.25.p2,41,4.4231080425049895e-4
291,sey18.25.p2,124,0.0013377204811478504
305,sey18.25.p2,196,0.002114461405685312
319,sey18.25.p2,64,6.904363773666325e-4
338,sey18.25.p2,27,2.9127784670154806e-4
340,sey18.25.p2,102,0.0011003829764280706
347,sey18.25.p2,117,0.001262204002373375
366,sey18.25.p2,26,2.8048977830519447e-4
385,sey18.25.p2,20,2.1576136792707265e-4
407,sey18.25.p2,44,4.7467500943955984e-4
419,sey18.25.p2,18,1.941852311343654e-4
431,sey18.25.p2,51,5.501914882140353e-4
450,sey18.25.p2,57,6.149198985921571e-4
462,sey18.25.p2,26,2.8048977830519447e-4
485,sey18.25.p2,44,4.7467500943955984e-4
521,sey18.25.p2,30,3.23642051890609e-4
522,sey18.25.p2,30,3.23642051890609e-4
580,sey18.25.p2,17,1.8339716273801175e-4
001,sey18.38,60728,0.7825168157101255
002,sey18.38,21,2.7059763420354095e-4
003,sey18.38,7867,0.10137102801329793
004,sey18.38,200,0.0025771203257480093
006,sey18.38,247,0.003182743602298791
007,sey18.38,631,0.008130814627734968
008,sey18.38,887,0.01142952864469242
011,sey18.38,436,0.00561812231013066
016,sey18.38,575,0.007409220936525527
017,sey18.38,3964,0.05107852485632554
021,sey18.38,148,0.0019070690410535268
024,sey18.38,16,2.0616962605984074e-4
029,sey18.38,55,7.087080895807025e-4
047,sey18.38,58,7.473648944669227e-4
061,sey18.38,27,3.4791124397598125e-4
079,sey18.38,197,0.002538463520861789
087,sey18.38,297,0.003827023683735794
096,sey18.38,472,0.006082003968765301
103,sey18.38,12,1.5462721954488055e-4
106,sey18.38,13,1.675128211736206e-4
107,sey18.38,46,5.927376749220422e-4
111,sey18.38,8,1.0308481302992037e-4
129,sey18.38,38,4.896528618921217e-4
151,sey18.38,15,1.932840244311007e-4
155,sey18.38,57,7.344792928381826e-4
175,sey18.38,65,8.37564105868103e-4
183,sey18.38,17,2.1905522768858078e-4
193,sey18.38,105,0.0013529881710177048
195,sey18.38,11,1.417416179161405e-4
198,sey18.38,20,2.5771203257480093e-4
236,sey18.38,91,0.0011725897482153442
241,sey18.38,83,0.0010695049351854239
258,sey18.38,13,1.675128211736206e-4
294,sey18.38,20,2.5771203257480093e-4
322,sey18.38,15,1.932840244311007e-4
368,sey18.38,99,0.0012756745612452645
513,sey18.38,18,2.3194082931732082e-4
565,sey18.38,20,2.5771203257480093e-4
586,sey18.38,14,1.8039842280236063e-4
001,sey18.63o,734,0.010088237719563485
003,sey18.63o,6106,0.08392204293685918
004,sey18.63o,5939,0.08162676269276231
006,sey18.63o,2173,0.029866131559416146
008,sey18.63o,58,7.971631985486132e-4
011,sey18.63o,9277,0.12750487918854284
016,sey18.63o,101,0.001388163500920861
017,sey18.63o,166,0.002281536051018445
021,sey18.63o,1796,0.02468457076885016
029,sey18.63o,18050,0.2480826850655598
047,sey18.63o,6196,0.08515902031391737
050,sey18.63o,349,0.004796723384370104
056,sey18.63o,1107,0.015214821737815774
057,sey18.63o,1640,0.02254047664861596
062,sey18.63o,6288,0.0864234860771324
072,sey18.63o,87,0.0011957447978229198
074,sey18.63o,838,0.011517633799719618
087,sey18.63o,112,0.001539349624783529
091,sey18.63o,4159,0.057162099013166934
096,sey18.63o,616,0.00846642293630941
098,sey18.63o,83,0.0011407680255092225
101,sey18.63o,108,0.0014843728524698316
104,sey18.63o,2759,0.037920228703372826
106,sey18.63o,31,4.2606998543115535e-4
111,sey18.63o,352,0.004837955963605377
116,sey18.63o,91,0.0012507215701366174
129,sey18.63o,299,0.004109513730448885
136,sey18.63o,29,3.985815992743066e-4
144,sey18.63o,20,2.748838615684873e-4
151,sey18.63o,23,3.1611644080376043e-4
155,sey18.63o,70,9.620935154897056e-4
168,sey18.63o,54,7.421864262349158e-4
183,sey18.63o,25,3.4360482696060916e-4
201,sey18.63o,577,0.007930399406250859
216,sey18.63o,445,0.006116165919898843
221,sey18.63o,31,4.2606998543115535e-4
227,sey18.63o,36,4.947909508232772e-4
236,sey18.63o,179,0.0024602105610379613
238,sey18.63o,338,0.004645537260507436
242,sey18.63o,455,0.006253607850683086
276,sey18.63o,252,0.00346353665576294
283,sey18.63o,96,0.001319442535528739
296,sey18.63o,230,0.0031611644080376043
320,sey18.63o,160,0.0021990708925478985
322,sey18.63o,23,3.1611644080376043e-4
382,sey18.63o,92,0.0012644657632150417
486,sey18.63o,28,3.8483740619588223e-4
505,sey18.63o,38,5.222793369801259e-4
567,sey18.63o,19,2.6113966849006297e-4
605,sey18.63o,6,8.246515847054619e-5
608,sey18.63o,10,1.3744193078424365e-4
628,sey18.63o,7,9.620935154897056e-5
001,sey18.63p,186,0.003528005917945411
003,sey18.63p,20980,0.39794389332524044
004,sey18.63p,205,0.00388839361924091
006,sey18.63p,20925,0.3969006657688587
008,sey18.63p,110,0.002086455112763415
011,sey18.63p,7100,0.13467119364200225
016,sey18.63p,606,0.011494470893951177
021,sey18.63p,37,7.018076288386032e-4
057,sey18.63p,221,0.004191877999279225
062,sey18.63p,140,0.0026554883253352554
087,sey18.63p,1041,0.019745452476242865
096,sey18.63p,6,1.1380664251436809e-4
104,sey18.63p,304,0.005766203220727983
144,sey18.63p,163,0.003091747121640333
193,sey18.63p,17,3.224521537907096e-4
201,sey18.63p,48,9.104531401149447e-4
216,sey18.63p,73,0.0013846474839248118
221,sey18.63p,53,0.0010052920088769182
236,sey18.63p,243,0.004609169021831908
238,sey18.63p,70,0.0013277441626676277
269,sey18.63p,41,7.77678723848182e-4
276,sey18.63p,31,5.880009863242352e-4
294,sey18.63p,25,4.74194343809867e-4
408,sey18.63p,72,0.001365679710172417
507,sey18.63p,24,4.5522657005747235e-4
001,sey18.66,39075,0.43809982958112836
003,sey18.66,22782,0.25542649564983405
004,sey18.66,3580,0.040138128980177594
006,sey18.66,7028,0.07879630460130954
008,sey18.66,20,2.2423535743115974e-4
017,sey18.66,2710,0.030383890931922144
021,sey18.66,4460,0.050004484707148626
045,sey18.66,929,0.01041573235267737
057,sey18.66,1094,0.012265674051484437
061,sey18.66,3706,0.0415508117319939
075,sey18.66,65,7.287649116512691e-4
079,sey18.66,719,0.008061261099650193
087,sey18.66,770,0.00863306126109965
096,sey18.66,409,0.004585613059467216
108,sey18.66,1501,0.01682886357520854
151,sey18.66,60,6.727060722934793e-4
188,sey18.66,243,0.002724459592788591
322,sey18.66,12,1.3454121445869585e-4
549,sey18.66,23,2.578706610458337e-4
634,sey18.66,6,6.727060722934792e-5
001,sey18.66b,77379,0.8813097949886105
002,sey18.66b,12,1.366742596810934e-4
003,sey18.66b,246,0.0028018223234624147
004,sey18.66b,270,0.0030751708428246012
006,sey18.66b,136,0.0015489749430523919
008,sey18.66b,15,1.7084282460136675e-4
009,sey18.66b,11,1.2528473804100228e-4
011,sey18.66b,30,3.416856492027335e-4
017,sey18.66b,192,0.0021867881548974944
021,sey18.66b,1950,0.022209567198177675
029,sey18.66b,84,9.567198177676538e-4
045,sey18.66b,320,0.0036446469248291574
061,sey18.66b,3624,0.041275626423690204
079,sey18.66b,1028,0.011708428246013668
096,sey18.66b,685,0.007801822323462415
108,sey18.66b,1493,0.017004555808656036
183,sey18.66b,48,5.466970387243736e-4
188,sey18.66b,102,0.0011617312072892939
241,sey18.66b,146,0.0016628701594533029
322,sey18.66b,6,6.83371298405467e-5
550,sey18.66b,23,2.6195899772209566e-4
001,sey18.74,80,0.001264042724644093
003,sey18.74,24108,0.3809192750714974
004,sey18.74,53,8.374283050767116e-4
006,sey18.74,37304,0.5894231225015405
008,sey18.74,80,0.001264042724644093
009,sey18.74,8,1.264042724644093e-4
011,sey18.74,17,2.686090789868698e-4
016,sey18.74,448,0.007078639258006921
021,sey18.74,43,6.794229644962e-4
029,sey18.74,24,3.792128173932279e-4
057,sey18.74,334,0.005277378375389088
067,sey18.74,13,2.054069427546651e-4
087,sey18.74,577,0.009116908151495521
096,sey18.74,16,2.528085449288186e-4
136,sey18.74,16,2.528085449288186e-4
151,sey18.74,69,0.0010902368500055302
294,sey18.74,99,0.001564252871747065
001,sey18.74.p1,42,6.428309048610261e-4
002,sey18.74.p1,8,1.224439818782907e-4
003,sey18.74.p1,22929,0.3509397575609159
004,sey18.74.p1,63,9.642463572915391e-4
006,sey18.74.p1,40775,0.6240816701359129
008,sey18.74.p1,40,6.122199093914534e-4
011,sey18.74.p1,33,5.05081425247949e-4
016,sey18.74.p1,371,0.00567833965960573
021,sey18.74.p1,18,2.75498959226154e-4
029,sey18.74.p1,75,0.0011479123301089752
044,sey18.74.p1,26,3.9794294110444473e-4
057,sey18.74.p1,255,0.0039029019223705153
067,sey18.74.p1,21,3.2141545243051306e-4
087,sey18.74.p1,509,0.007790498347006245
151,sey18.74.p1,82,0.0012550508142524794
294,sey18.74.p1,89,0.001362189298395984
004,sky18.12,22735,0.3120110888480224
007,sky18.12,421,0.005777728981966898
008,sky18.12,1047,0.014368841434962809
011,sky18.12,21448,0.2943485301786842
017,sky18.12,597,0.00819312162050888
021,sky18.12,1583,0.021724809925067933
050,sky18.12,4385,0.06017895863640107
056,sky18.12,3505,0.04810199544369116
060,sky18.12,15,2.0585732714846432e-4
062,sky18.12,882,0.012104410836329701
068,sky18.12,3321,0.04557681223067
069,sky18.12,2880,0.03952460681250514
074,sky18.12,2364,0.03244311475859797
075,sky18.12,521,0.00715011116295666
098,sky18.12,28,3.8426701067713337e-4
106,sky18.12,1338,0.018362473581643016
111,sky18.12,748,0.01026541871380342
125,sky18.12,102,0.0013998298246095573
141,sky18.12,565,0.007753959322592156
143,sky18.12,864,0.011857382043751544
144,sky18.12,208,0.002854554936458705
148,sky18.12,137,0.001880163587955974
157,sky18.12,440,0.006038481596354953
162,sky18.12,539,0.0073971399555348176
163,sky18.12,538,0.0073834161337249194
166,sky18.12,48,6.587434468750858e-4
168,sky18.12,51,6.999149123047786e-4
177,sky18.12,511,0.007012872944857684
206,sky18.12,581,0.007973540471550517
269,sky18.12,159,0.002182087667773722
298,sky18.12,72,9.881151703126287e-4
321,sky18.12,18,2.470287925781572e-4
351,sky18.12,68,9.332198830730382e-4
370,sky18.12,7,9.606675266928334e-5
379,sky18.12,7,9.606675266928334e-5
393,sky18.12,60,8.234293085938573e-4
409,sky18.12,23,3.156479016276453e-4
540,sky18.12,25,3.430955452474405e-4
551,sky18.12,23,3.156479016276453e-4
651,sky18.12,2,2.744764361979524e-5
004,sky18.12.p1,30441,0.3696000582793036
007,sky18.12.p1,696,0.008450499016536753
008,sky18.12.p1,976,0.011850125057672228
009,sky18.12.p1,50,6.070760787741919e-4
011,sky18.12.p1,22790,0.2767052767052767
017,sky18.12.p1,239,0.002901823656540638
021,sky18.12.p1,1816,0.022049003181078653
050,sky18.12.p1,3585,0.043527354848109566
056,sky18.12.p1,3985,0.0483839634783031
062,sky18.12.p1,860,0.010441708554916102
068,sky18.12.p1,3326,0.04038270076005925
069,sky18.12.p1,3282,0.03984847381073796
074,sky18.12.p1,2697,0.032745683689079916
075,sky18.12.p1,738,0.008960442922707073
098,sky18.12.p1,21,2.5497195308516065e-4
106,sky18.12.p1,1852,0.02248609795779607
111,sky18.12.p1,719,0.008729754012772881
125,sky18.12.p1,119,0.001444841067482577
141,sky18.12.p1,679,0.0082440931497535265
143,sky18.12.p1,685,0.00831694227920643
144,sky18.12.p1,162,0.001966926495228382
148,sky18.12.p1,83,0.0010077462907651586
157,sky18.12.p1,375,0.00455307059080644
162,sky18.12.p1,504,0.006119326874043855
163,sky18.12.p1,592,0.0071877807726864335
168,sky18.12.p1,159,0.0019305019305019305
177,sky18.12.p1,436,0.005293703406910954
206,sky18.12.p1,59,7.163497729535466e-4
216,sky18.12.p1,24,2.9139651781161214e-4
265,sky18.12.p1,72,8.741895534348364e-4
269,sky18.12.p1,53,6.435006435006435e-4
298,sky18.12.p1,88,0.001068453898642578
321,sky18.12.p1,35,4.249532551419344e-4
351,sky18.12.p1,46,5.585099924722566e-4
393,sky18.12.p1,23,2.792549962361283e-4
409,sky18.12.p1,24,2.9139651781161214e-4
510,sky18.12.p1,20,2.428304315096768e-4
527,sky18.12.p1,29,3.5210412568903134e-4
554,sky18.12.p1,22,2.671134746606445e-4
003,sky18.14,327,0.003816793893129771
004,sky18.14,25,2.9180381445946264e-4
006,sky18.14,260,0.0030347596703784114
007,sky18.14,85,9.92132969162173e-4
008,sky18.14,404,0.004715549641664916
009,sky18.14,67712,0.7903447953871653
014,sky18.14,589,0.006874897868664939
016,sky18.14,1699,0.01983098723066508
022,sky18.14,47,5.485911711837898e-4
025,sky18.14,3584,0.04183299484090856
026,sky18.14,40,4.668861031351402e-4
027,sky18.14,246,0.002871349534281112
029,sky18.14,5,5.8360762891892525e-5
032,sky18.14,97,0.001132198800102715
037,sky18.14,194,0.00226439760020543
041,sky18.14,33,3.8518103508649064e-4
048,sky18.14,686,0.008007096668767654
052,sky18.14,1518,0.01771832761397857
059,sky18.14,315,0.003676728062189229
067,sky18.14,1237,0.01443845273945421
070,sky18.14,1423,0.016609473119032613
073,sky18.14,888,0.010364871489600112
077,sky18.14,1174,0.013703107127016364
082,sky18.14,24,2.801316618810841e-4
096,sky18.14,74,8.637392908000094e-4
114,sky18.14,83,9.687886640054159e-4
136,sky18.14,283,0.003303219179681117
151,sky18.14,506,0.005906109204659523
209,sky18.14,623,0.007271751056329808
223,sky18.14,557,0.006501388986156827
252,sky18.14,71,8.287228330648739e-4
267,sky18.14,73,8.520671382216308e-4
280,sky18.14,243,0.0028363330765459765
281,sky18.14,278,0.0032448584167892244
307,sky18.14,144,0.0016807899712865046
344,sky18.14,14,1.6341013609729908e-4
379,sky18.14,68,7.937063753297384e-4
398,sky18.14,29,3.3849242477297664e-4
459,sky18.14,10,1.1672152578378505e-4
635,sky18.14,6,7.003291547027102e-5
001,sky18.20,377,0.005021243723445346
002,sky18.20,3897,0.05190394374075998
004,sky18.20,7064,0.09408505480747459
007,sky18.20,15,1.997842330283294e-4
008,sky18.20,394,0.005247665854210786
012,sky18.20,5,6.659474434277647e-5
013,sky18.20,37306,0.4968767064903238
016,sky18.20,20,2.6637897737110587e-4
019,sky18.20,6174,0.08223119031446038
020,sky18.20,617,0.008217791451898616
031,sky18.20,1279,0.01703493560288222
032,sky18.20,42,5.593958524793223e-4
035,sky18.20,1746,0.023254884724497542
040,sky18.20,57,7.591800855076518e-4
044,sky18.20,5766,0.07679705917608982
045,sky18.20,9,1.1987053981699764e-4
052,sky18.20,57,7.591800855076518e-4
054,sky18.20,51,6.7926639229632e-4
055,sky18.20,8,1.0655159094844235e-4
058,sky18.20,187,0.0024906434384198398
067,sky18.20,93,0.0012386622447756422
070,sky18.20,68,9.0568852306176e-4
077,sky18.20,2669,0.035548274530174076
079,sky18.20,70,9.323264207988706e-4
086,sky18.20,7,9.323264207988705e-5
113,sky18.20,2252,0.029994272851986522
118,sky18.20,48,6.393095456906541e-4
128,sky18.20,343,0.004568399461914466
141,sky18.20,163,0.002170988665574513
154,sky18.20,777,0.010348823270867464
158,sky18.20,590,0.007858179832447623
166,sky18.20,1000,0.013318948868555294
167,sky18.20,653,0.008697273611166607
171,sky18.20,505,0.0067260691786204235
183,sky18.20,12,1.5982738642266353e-4
186,sky18.20,12,1.5982738642266353e-4
235,sky18.20,381,0.005074519518919567
265,sky18.20,42,5.593958524793223e-4
325,sky18.20,150,0.001997842330283294
388,sky18.20,69,9.190074719303153e-4
398,sky18.20,49,6.526284945592094e-4
491,sky18.20,41,5.46076903610767e-4
594,sky18.20,13,1.731463352912188e-4
645,sky18.20,3,3.9956846605665884e-5
002,sky18.24,28,2.619784990503279e-4
012,sky18.24,26951,0.2521636617109067
013,sky18.24,65,6.081643727954042e-4
019,sky18.24,3405,0.03185845675951309
020,sky18.24,17943,0.1678814360164298
021,sky18.24,225,0.0021051843673687066
031,sky18.24,17824,0.1667680273954659
034,sky18.24,270,0.002526221240842448
035,sky18.24,8361,0.07822865109142114
036,sky18.24,6200,0.05800952478971547
038,sky18.24,2450,0.022923118666903695
040,sky18.24,31,2.9004762394857736e-4
044,sky18.24,15,1.4034562449124712e-4
054,sky18.24,2691,0.02517800503372973
055,sky18.24,1314,0.012294276705433246
058,sky18.24,644,0.006025505478157543
063,sky18.24,46,4.303932484398245e-4
081,sky18.24,394,0.0036864117366367573
085,sky18.24,269,0.0025168648658763647
090,sky18.24,1938,0.018132654684269126
092,sky18.24,1507,0.014100057073887293
095,sky18.24,3181,0.02976262876711047
098,sky18.24,13,1.2163287455908083e-4
113,sky18.24,201,0.0018806313681827113
118,sky18.24,307,0.0028724071145875244
119,sky18.24,902,0.008439450219406994
122,sky18.24,414,0.0038735392359584204
128,sky18.24,587,0.005492192105090804
130,sky18.24,148,0.001384743494980305
132,sky18.24,483,0.004519129108618157
136,sky18.24,118,0.0011040522459978106
140,sky18.24,264,0.002470082991045949
150,sky18.24,135,0.001263110620421224
152,sky18.24,239,0.0022361736168938708
158,sky18.24,54,5.052442481684896e-4
159,sky18.24,700,0.0065494624762581985
161,sky18.24,967,0.009047614592202397
194,sky18.24,261,0.0024420138661477
196,sky18.24,141,0.0013192488702177228
200,sky18.24,268,0.002507508490910282
211,sky18.24,537,0.005024373356786647
219,sky18.24,94,8.794992468118152e-4
222,sky18.24,495,0.004631405608211155
225,sky18.24,282,0.0026384977404354457
237,sky18.24,509,0.004762394857736318
247,sky18.24,32,2.994039989146605e-4
250,sky18.24,91,8.514301219135659e-4
254,sky18.24,22,2.058402492538291e-4
259,sky18.24,381,0.003564778862077677
268,sky18.24,213,0.001992907867775709
286,sky18.24,87,8.140046220492332e-4
311,sky18.24,183,0.0017122166187932147
327,sky18.24,148,0.001384743494980305
331,sky18.24,146,0.0013660307450481385
341,sky18.24,73,6.830153725240692e-4
348,sky18.24,116,0.0010853394960656443
349,sky18.24,116,0.0010853394960656443
354,sky18.24,13,1.2163287455908083e-4
356,sky18.24,107,0.001001132121370896
359,sky18.24,106,9.917757464048128e-4
361,sky18.24,105,9.824193714387298e-4
362,sky18.24,104,9.730629964726466e-4
364,sky18.24,103,9.637066215065635e-4
371,sky18.24,97,9.075683717100646e-4
372,sky18.24,78,7.29797247354485e-4
383,sky18.24,91,8.514301219135659e-4
384,sky18.24,91,8.514301219135659e-4
389,sky18.24,88,8.233609970153164e-4
410,sky18.24,72,6.736589975579861e-4
420,sky18.24,68,6.362334976936536e-4
435,sky18.24,36,3.3682949877899307e-4
446,sky18.24,59,5.520261229989053e-4
460,sky18.24,20,1.871274993216628e-4
463,sky18.24,53,4.958878732024064e-4
468,sky18.24,51,4.771751232702402e-4
498,sky18.24,39,3.648986236772425e-4
629,sky18.24,7,6.549462476258198e-5
630,sky18.24,7,6.549462476258198e-5
638,sky18.24,5,4.67818748304157e-5
002,sky18.24sc,18,1.8691588785046728e-4
003,sky18.24sc,13,1.3499480789200415e-4
004,sky18.24sc,277,0.0028764278296988578
008,sky18.24sc,20,2.0768431983385254e-4
012,sky18.24sc,15977,0.1659086188992731
013,sky18.24sc,40,4.153686396677051e-4
019,sky18.24sc,2026,0.021038421599169264
020,sky18.24sc,33723,0.35018691588785045
021,sky18.24sc,158,0.001640706126687435
031,sky18.24sc,2952,0.030654205607476635
034,sky18.24sc,53,5.503634475597092e-4
035,sky18.24sc,798,0.008286604361370716
036,sky18.24sc,11223,0.11654205607476635
038,sky18.24sc,11052,0.11476635514018692
040,sky18.24sc,19,1.973001038421599e-4
044,sky18.24sc,12,1.2461059190031152e-4
054,sky18.24sc,3500,0.036344755970924195
055,sky18.24sc,756,0.007850467289719627
058,sky18.24sc,3741,0.03884735202492212
081,sky18.24sc,19,1.973001038421599e-4
090,sky18.24sc,620,0.006438213914849429
092,sky18.24sc,2297,0.023852544132917965
095,sky18.24sc,594,0.006168224299065421
113,sky18.24sc,502,0.005212876427829699
118,sky18.24sc,50,5.192107995846313e-4
119,sky18.24sc,1749,0.018161993769470405
128,sky18.24sc,545,0.005659397715472482
132,sky18.24sc,518,0.005379023883696781
140,sky18.24sc,285,0.002959501557632399
141,sky18.24sc,171,0.0017757009345794393
152,sky18.24sc,19,1.973001038421599e-4
159,sky18.24sc,135,0.0014018691588785046
161,sky18.24sc,195,0.0020249221183800624
194,sky18.24sc,484,0.005025960539979232
197,sky18.24sc,32,3.322949117341641e-4
200,sky18.24sc,43,4.46521287642783e-4
211,sky18.24sc,80,8.307372793354102e-4
219,sky18.24sc,258,0.002679127725856698
222,sky18.24sc,69,7.165109034267912e-4
225,sky18.24sc,247,0.002564901349948079
247,sky18.24sc,17,1.7653167185877465e-4
250,sky18.24sc,318,0.0033021806853582554
268,sky18.24sc,120,0.0012461059190031153
271,sky18.24sc,113,0.001173416407061267
286,sky18.24sc,169,0.001754932502596054
341,sky18.24sc,28,2.9075804776739357e-4
357,sky18.24sc,107,0.0011111111111111111
451,sky18.24sc,57,5.919003115264798e-4
461,sky18.24sc,54,5.607476635514019e-4
495,sky18.24sc,8,8.307372793354102e-5
533,sky18.24sc,15,1.5576323987538941e-4
545,sky18.24sc,24,2.4922118380062304e-4
002,sky18.27,82937,0.9450217634055742
003,sky18.27,565,0.0064378660468084135
004,sky18.27,988,0.01125771974202958
006,sky18.27,91,0.0010368952393974614
008,sky18.27,23,2.620724231444133e-4
013,sky18.27,13,1.4812789134249448e-4
014,sky18.27,87,9.913174266766938e-4
016,sky18.27,500,0.005697226590095941
029,sky18.27,53,6.039060185501697e-4
031,sky18.27,77,8.773728948747749e-4
032,sky18.27,29,3.304391422255646e-4
037,sky18.27,200,0.0022788906360383765
044,sky18.27,467,0.0053212096351496095
045,sky18.27,41,4.671725803878672e-4
054,sky18.27,125,0.0014243066475239854
058,sky18.27,133,0.0015154622729655204
059,sky18.27,21,2.3928351678402954e-4
067,sky18.27,380,0.004329892208472915
114,sky18.27,25,2.8486132950479706e-4
167,sky18.27,78,8.887673480549668e-4
171,sky18.27,151,0.0017205624302089743
203,sky18.27,200,0.0022788906360383765
213,sky18.27,321,0.0036576194708415944
220,sky18.27,140,0.0015952234452268636
255,sky18.27,30,3.418335954057565e-4
496,sky18.27,40,4.5577812720767533e-4
499,sky18.27,39,4.443836740274834e-4
544,sky18.27,5,5.6972265900959416e-5
646,sky18.27,3,3.418335954057565e-5
002,tri18.03,5646,0.06263103597457487
003,tri18.03,1083,0.01201371093879996
004,tri18.03,33846,0.3754534260707511
007,tri18.03,130,0.0014420890323582592
008,tri18.03,1678,0.018614041509978148
009,tri18.03,189,0.0020965755931977768
010,tri18.03,125,0.0013866240695752494
012,tri18.03,7,7.765094789621396e-5
013,tri18.03,11530,0.127902204177621
014,tri18.03,15239,0.1690461135700578
016,tri18.03,482,0.005346822412282162
019,tri18.03,138,0.0015308329728110752
021,tri18.03,2255,0.025014698215137497
022,tri18.03,1173,0.01301208026889414
025,tri18.03,1035,0.011481247296083064
026,tri18.03,524,0.005812728099659445
029,tri18.03,104,0.0011536712258866074
031,tri18.03,128,0.0014199030472450552
034,tri18.03,40,4.4371970226407976e-4
041,tri18.03,338,0.003749431484131474
044,tri18.03,110,0.0012202291812262193
045,tri18.03,329,0.0036495945511220563
046,tri18.03,1843,0.020444385281817475
048,tri18.03,541,0.006001308973121679
052,tri18.03,677,0.00750995596081955
053,tri18.03,54,5.990215980565077e-4
057,tri18.03,175,0.001941273697405349
060,tri18.03,84,9.318113747545675e-4
063,tri18.03,30,3.327897766980598e-4
064,tri18.03,10,1.1092992556601994e-4
067,tri18.03,141,0.0015641119504808813
070,tri18.03,245,0.002717783176367489
073,tri18.03,489,0.005424473360178375
077,tri18.03,185,0.0020522036229713688
080,tri18.03,73,8.097884566319456e-4
081,tri18.03,52,5.768356129433037e-4
084,tri18.03,4635,0.051416020499850244
085,tri18.03,29,3.216967841414578e-4
090,tri18.03,7,7.765094789621396e-5
098,tri18.03,5,5.546496278300997e-5
114,tri18.03,254,0.0028176201093769067
122,tri18.03,14,1.5530189579242792e-4
128,tri18.03,87,9.650903524243735e-4
130,tri18.03,30,3.327897766980598e-4
136,tri18.03,39,4.3262670970747776e-4
150,tri18.03,30,3.327897766980598e-4
151,tri18.03,136,0.0015086469876978712
154,tri18.03,260,0.0028841780647165184
156,tri18.03,521,0.005779449121989639
158,tri18.03,181,0.002007831652744961
167,tri18.03,213,0.002362807414556225
176,tri18.03,9,9.983693300941795e-5
178,tri18.03,78,8.652534194149555e-4
181,tri18.03,507,0.0056241472261972115
186,tri18.03,2,2.2185985113203988e-5
197,tri18.03,85,9.429043673111695e-4
203,tri18.03,39,4.3262670970747776e-4
220,tri18.03,96,0.0010649272854337914
246,tri18.03,18,1.996738660188359e-4
252,tri18.03,81,8.985323970847615e-4
263,tri18.03,362,0.004015663305489922
264,tri18.03,224,0.0024848303326788466
270,tri18.03,67,7.432305012923336e-4
279,tri18.03,21,2.3295284368864187e-4
284,tri18.03,65,7.210445161791296e-4
287,tri18.03,43,4.7699867993388574e-4
293,tri18.03,190,0.002107668585754379
301,tri18.03,216,0.0023960863922260307
307,tri18.03,27,2.9951079902825384e-4
309,tri18.03,188,0.002085482600641175
318,tri18.03,125,0.0013866240695752494
336,tri18.03,135,0.0014975539951412693
344,tri18.03,21,2.3295284368864187e-4
355,tri18.03,59,6.544865608395176e-4
379,tri18.03,19,2.1076685857543789e-4
388,tri18.03,20,2.2185985113203988e-4
392,tri18.03,11,1.2202291812262193e-4
421,tri18.03,44,4.8809167249048773e-4
459,tri18.03,9,9.983693300941795e-5
478,tri18.03,47,5.213706501602937e-4
483,tri18.03,45,4.991846650470897e-4
492,tri18.03,41,4.5481269482068175e-4
500,tri18.03,39,4.3262670970747776e-4
558,tri18.03,21,2.3295284368864187e-4
583,tri18.03,16,1.774878809056319e-4
619,tri18.03,8,8.874394045281595e-5
001,tri18.04,6827,0.08606800216840434
002,tri18.04,2162,0.02725633817021974
003,tri18.04,720,0.009077041388787333
004,tri18.04,16558,0.2087467379382509
007,tri18.04,68,8.57276131163248e-4
008,tri18.04,18907,0.23836058546916958
009,tri18.04,13428,0.16928682190088376
013,tri18.04,6572,0.08285321667654215
014,tri18.04,5215,0.0657455150590638
016,tri18.04,196,0.002470972378058774
019,tri18.04,78,9.83346150451961e-4
021,tri18.04,2196,0.027684976235801365
022,tri18.04,353,0.0044502716808915675
025,tri18.04,241,0.003038287464857982
026,tri18.04,358,0.0045133066905359235
028,tri18.04,19,2.395330366485546e-4
029,tri18.04,277,0.0034921395342973486
031,tri18.04,10,1.2607001928871295e-4
034,tri18.04,17,2.14319032790812e-4
038,tri18.04,28,3.529960540083963e-4
044,tri18.04,655,0.008257586263410699
045,tri18.04,541,0.0068203880435193705
046,tri18.04,431,0.005433617831343528
048,tri18.04,127,0.0016010892449666546
052,tri18.04,101,0.0012733071948160008
057,tri18.04,147,0.0018532292835440804
060,tri18.04,116,0.0014624122237490702
064,tri18.04,31,3.9081705979501015e-4
067,tri18.04,88,0.001109416169740674
070,tri18.04,74,9.329181427364759e-4
073,tri18.04,50,6.303500964435647e-4
077,tri18.04,115,0.001449805221820199
080,tri18.04,76,9.581321465942184e-4
084,tri18.04,365,0.0046015557040380226
114,tri18.04,85,0.00107159516395406
128,tri18.04,13,1.6389102507532685e-4
129,tri18.04,83,0.0010463811600963176
139,tri18.04,22,2.773540424351685e-4
151,tri18.04,59,7.438131138034064e-4
156,tri18.04,376,0.004740232725255607
167,tri18.04,63,7.942411215188916e-4
168,tri18.04,98,0.001235486189029387
171,tri18.04,162,0.00204233431247715
186,tri18.04,13,1.6389102507532685e-4
197,tri18.04,64,8.068481234477628e-4
203,tri18.04,171,0.0021557973298369916
220,tri18.04,13,1.6389102507532685e-4
227,tri18.04,58,7.312061118745351e-4
258,tri18.04,75,9.455251446653471e-4
260,tri18.04,6,7.564201157322777e-5
264,tri18.04,61,7.69027117661149e-4
270,tri18.04,109,0.0013741632102469712
279,tri18.04,277,0.0034921395342973486
287,tri18.04,14,1.7649802700419814e-4
293,tri18.04,44,5.54708084870337e-4
318,tri18.04,38,4.790660732971092e-4
322,tri18.04,12,1.5128402314645555e-4
392,tri18.04,13,1.6389102507532685e-4
409,tri18.04,25,3.1517504822178237e-4
414,tri18.04,71,8.950971369498619e-4
421,tri18.04,24,3.025680462929111e-4
481,tri18.04,46,5.799220887280795e-4
487,tri18.04,19,2.395330366485546e-4
541,tri18.04,25,3.1517504822178237e-4
595,tri18.04,13,1.6389102507532685e-4
596,tri18.04,13,1.6389102507532685e-4
612,tri18.04,9,1.1346301735984165e-4
001,water,20750,0.2393779633838238
002,water,113,0.0013036004752950405
003,water,52920,0.6105003287841907
006,water,1460,0.016842979592307603
008,water,434,0.005006748728124315
011,water,1113,0.01283988786728655
016,water,4680,0.053989824994520264
017,water,69,7.960038300474141e-4
028,water,10,1.153628739199151e-4
037,water,7,8.075401174394057e-5
057,water,733,0.008456098658329777
067,water,3520,0.040607731619810114
069,water,44,5.075966452476264e-4
091,water,76,8.767578417913548e-4
096,water,30,3.460886217597453e-4
098,water,11,1.268991613119066e-4
103,water,140,0.0016150802348788114
104,water,189,0.002180358317086395
183,water,2,2.307257478398302e-5
185,water,37,4.2684263350368585e-4
193,water,111,0.0012805279005110575
201,water,35,4.0377005871970284e-4
216,water,18,2.0765317305584716e-4
221,water,21,2.422620352318217e-4
238,water,69,7.960038300474141e-4
269,water,63,7.267861056954651e-4
276,water,26,2.999434721917792e-4
407,water,2,2.307257478398302e-5
002,water2.ce,14,1.0651409790167227e-4
003,water2.ce,26,1.9781189610310564e-4
005,water2.ce,43,3.2715044355513626e-4
007,water2.ce,113024,0.8599035286599005
008,water2.ce,150,0.0011412224775179172
011,water2.ce,8996,0.06844291605167456
012,water2.ce,87,6.61909036960392e-4
030,water2.ce,27,2.054200459532251e-4
033,water2.ce,12,9.129779820143338e-5
040,water2.ce,15,1.1412224775179171e-4
043,water2.ce,30,2.2824449550358343e-4
047,water2.ce,100,7.608149850119448e-4
072,water2.ce,196,0.0014911973706234118
091,water2.ce,262,0.0019933352607312952
094,water2.ce,23,1.749874465527473e-4
098,water2.ce,159,0.0012096958261689922
101,water2.ce,152,0.001156438777218156
103,water2.ce,3245,0.024688446263637608
111,water2.ce,672,0.005112676699280269
116,water2.ce,24,1.8259559640286676e-4
125,water2.ce,583,0.0044355513626196386
129,water2.ce,837,0.006368021424549978
137,water2.ce,1840,0.013998995724219785
149,water2.ce,35,2.662852447541807e-4
168,water2.ce,114,8.673290829136171e-4
175,water2.ce,112,8.521127832133782e-4
185,water2.ce,103,7.836394345623032e-4
193,water2.ce,70,5.325704895083614e-4
227,water2.ce,12,9.129779820143338e-5
238,water2.ce,10,7.608149850119449e-5
291,water2.ce,15,1.1412224775179171e-4
319,water2.ce,15,1.1412224775179171e-4
370,water2.ce,14,1.0651409790167227e-4
373,water2.ce,97,7.379905354615864e-4
386,water2.ce,90,6.847334865107503e-4
406,water2.ce,73,5.553949390587197e-4
501,water2.ce,39,2.9671784415465845e-4
520,water2.ce,18,1.3694669730215006e-4
528,water2.ce,29,2.20636345653464e-4
538,water2.ce,15,1.1412224775179171e-4
559,water2.ce,21,1.597711468525084e-4
597,water2.ce,13,9.890594805155282e-5
613,water2.ce,9,6.847334865107503e-5
614,water2.ce,9,6.847334865107503e-5
620,water2.ce,8,6.0865198800955584e-5
002,water3.ky,6,2.93398533007335e-4
003,water3.ky,594,0.02904645476772616
004,water3.ky,3,1.466992665036675e-4
007,water3.ky,46,0.0022493887530562347
008,water3.ky,33,0.0016136919315403423
016,water3.ky,260,0.012713936430317848
017,water3.ky,11583,0.5664058679706602
060,water3.ky,7925,0.38753056234718825
004,wed18.01,17,2.2070183182520416e-4
007,wed18.01,30,3.8947382086800735e-4
012,wed18.01,7896,0.10250950965245953
013,wed18.01,5265,0.06835265556233529
019,wed18.01,1420,0.018435094187752347
020,wed18.01,5,6.491230347800122e-5
027,wed18.01,19252,0.2499383333116959
030,wed18.01,32,4.1543874225920784e-4
034,wed18.01,147,0.001908421722253236
035,wed18.01,2628,0.034117906708037445
040,wed18.01,4032,0.052345281524660184
043,wed18.01,2145,0.027847378192062525
046,wed18.01,323,0.004193334804678879
051,wed18.01,566,0.0073480727537097385
055,wed18.01,823,0.010684565152479002
058,wed18.01,522,0.006776844483103327
064,wed18.01,47,6.101756526932115e-4
065,wed18.01,184,0.002388772767990445
071,wed18.01,6084,0.07898529087203189
077,wed18.01,187,0.0024277201500772457
078,wed18.01,1062,0.01378737325872746
081,wed18.01,146,0.0018954392615576356
082,wed18.01,39,5.063159671284095e-4
088,wed18.01,2080,0.027003518246848508
090,wed18.01,206,0.0026743869032936503
092,wed18.01,599,0.007776493956664546
100,wed18.01,16,2.0771937112960392e-4
102,wed18.01,859,0.01115193373752061
109,wed18.01,37,4.80351045737209e-4
118,wed18.01,1085,0.014085969854726264
120,wed18.01,200,0.002596492139120049
124,wed18.01,2090,0.02713334285380451
126,wed18.01,714,0.009269476936658574
128,wed18.01,488,0.006335440819452919
131,wed18.01,1702,0.022096148103911615
132,wed18.01,983,0.012761758863775039
138,wed18.01,725,0.009412284004310177
139,wed18.01,55,7.140353382580134e-4
140,wed18.01,54,7.010528775624132e-4
142,wed18.01,1330,0.017266672725148324
147,wed18.01,1462,0.018980357536967557
148,wed18.01,127,0.001648772508341231
150,wed18.01,515,0.006685967258234126
152,wed18.01,426,0.0055305282563257036
156,wed18.01,243,0.0031547379490308594
167,wed18.01,9,1.1684214626040219e-4
174,wed18.01,53,6.880704168668129e-4
178,wed18.01,90,0.001168421462604022
182,wed18.01,774,0.01004842457839459
187,wed18.01,845,0.010970179287782206
190,wed18.01,795,0.010321056253002194
191,wed18.01,614,0.00797123086709855
197,wed18.01,139,0.001804562036688434
202,wed18.01,656,0.00851649421631376
215,wed18.01,19,2.4666675321640465e-4
219,wed18.01,113,0.0014670180586028275
226,wed18.01,216,0.002804211510249653
227,wed18.01,97,0.0012592986874732236
228,wed18.01,451,0.00585508977371571
234,wed18.01,501,0.006504212808495722
235,wed18.01,126,0.0016357900476456307
244,wed18.01,194,0.002518597374946447
249,wed18.01,153,0.0019863164864268373
254,wed18.01,14,1.8175444973840343e-4
256,wed18.01,166,0.0021550884754696405
266,wed18.01,52,6.750879561712127e-4
271,wed18.01,160,0.002077193711296039
289,wed18.01,246,0.00319368533111766
295,wed18.01,232,0.003011930881379257
300,wed18.01,44,5.712282706064108e-4
308,wed18.01,191,0.0024796499928596465
310,wed18.01,118,0.0015319303620808288
328,wed18.01,147,0.001908421722253236
353,wed18.01,41,5.3228088851961e-4
358,wed18.01,68,8.828073273008167e-4
363,wed18.01,44,5.712282706064108e-4
372,wed18.01,19,2.4666675321640465e-4
395,wed18.01,80,0.0010385968556480196
444,wed18.01,40,5.192984278240098e-4
455,wed18.01,56,7.270177989536137e-4
464,wed18.01,53,6.880704168668129e-4
465,wed18.01,53,6.880704168668129e-4
473,wed18.01,49,6.361405740844119e-4
477,wed18.01,16,2.0771937112960392e-4
482,wed18.01,46,5.971931919976113e-4
495,wed18.01,32,4.1543874225920784e-4
508,wed18.01,36,4.6736858504160876e-4
511,wed18.01,33,4.284212029548081e-4
516,wed18.01,31,4.024562815636076e-4
517,wed18.01,31,4.024562815636076e-4
529,wed18.01,29,3.764913601724071e-4
537,wed18.01,26,3.3754397808560637e-4
543,wed18.01,15,1.9473691043400367e-4
560,wed18.01,21,2.7263167460760514e-4
571,wed18.01,18,2.3368429252080438e-4
572,wed18.01,18,2.3368429252080438e-4
584,wed18.01,15,1.9473691043400367e-4
598,wed18.01,13,1.6877198904280318e-4
601,wed18.01,12,1.5578952834720294e-4
602,wed18.01,12,1.5578952834720294e-4
603,wed18.01,12,1.5578952834720294e-4
615,wed18.01,9,1.1684214626040219e-4
621,wed18.01,8,1.0385968556480196e-4
622,wed18.01,8,1.0385968556480196e-4
636,wed18.01,6,7.789476417360147e-5
641,wed18.01,4,5.192984278240098e-5
642,wed18.01,4,5.192984278240098e-5
647,wed18.01,3,3.8947382086800735e-5
648,wed18.01,3,3.8947382086800735e-5
004,wed18.02,460,0.003938558487593541
009,wed18.02,33,2.825487610664931e-4
012,wed18.02,174,0.0014898025583506003
013,wed18.02,2723,0.023314553829820023
019,wed18.02,306,0.0026199976026165727
022,wed18.02,19,1.626795897049506e-4
023,wed18.02,497,0.0042553555833347604
027,wed18.02,12693,0.10867852800657568
030,wed18.02,15722,0.13461307943901227
032,wed18.02,1096,0.009384043700875045
034,wed18.02,5964,0.05106426700001712
035,wed18.02,4276,0.036611469767282565
040,wed18.02,5302,0.045396167611349895
042,wed18.02,86,7.363391955066185e-4
043,wed18.02,1722,0.014743908077469734
046,wed18.02,2700,0.023117625905440347
048,wed18.02,641,0.005488295631624912
051,wed18.02,9400,0.08048358648560713
052,wed18.02,141,0.0012072537972841072
053,wed18.02,593,0.005077315615528195
055,wed18.02,751,0.006430124835179889
058,wed18.02,256,0.0021918934191824924
059,wed18.02,104,8.904567015428874e-4
064,wed18.02,666,0.005702347723341952
065,wed18.02,5670,0.04854701440142473
070,wed18.02,200,0.0017124167337363222
077,wed18.02,430,0.0036816959775330923
078,wed18.02,2579,0.022081613781529872
081,wed18.02,4635,0.03968525780433926
082,wed18.02,824,0.007055156942993647
088,wed18.02,460,0.003938558487593541
090,wed18.02,396,0.003390585132797918
093,wed18.02,684,0.005856465229378221
094,wed18.02,4167,0.03567820264739627
097,wed18.02,3276,0.028049386098600956
100,wed18.02,3273,0.02802369984759491
102,wed18.02,2191,0.018759525318081408
109,wed18.02,1689,0.01446135931640324
110,wed18.02,280,0.002397383427230851
118,wed18.02,1192,0.010206003733068479
120,wed18.02,1432,0.012260903813552066
123,wed18.02,2440,0.02089148415158313
124,wed18.02,119,0.0010188879565731115
126,wed18.02,1598,0.013682209702553213
131,wed18.02,331,0.002834049694333613
138,wed18.02,951,0.00814254156891621
139,wed18.02,364,0.003116598455400106
140,wed18.02,4,3.4248334674726444e-5
142,wed18.02,214,0.0018322859050978646
144,wed18.02,238,0.002037775913146223
145,wed18.02,48,4.109800160967173e-4
147,wed18.02,38,3.253591794099012e-4
148,wed18.02,332,0.0028426117780022946
150,wed18.02,711,0.006087641488432625
154,wed18.02,171,0.0014641163073445553
156,wed18.02,77,6.59280442488484e-4
158,wed18.02,331,0.002834049694333613
174,wed18.02,340,0.0029111084473517476
178,wed18.02,529,0.004529342260732572
179,wed18.02,164,0.001404181721663784
182,wed18.02,133,0.0011387571279346542
189,wed18.02,415,0.0035532647225028683
191,wed18.02,191,0.0016353579807181875
196,wed18.02,619,0.005299929790913917
197,wed18.02,330,0.0028254876106649316
199,wed18.02,3,2.568625100604483e-5
207,wed18.02,182,0.001558299227700053
210,wed18.02,451,0.003861499734575406
215,wed18.02,587,0.005025943113516105
219,wed18.02,121,0.0010360121239104748
224,wed18.02,178,0.0015240508930253267
226,wed18.02,330,0.0028254876106649316
227,wed18.02,60,5.137250201208966e-4
228,wed18.02,89,7.620254465126634e-4
230,wed18.02,535,0.004580714762744661
234,wed18.02,8,6.849666934945289e-5
239,wed18.02,476,0.004075551826292446
243,wed18.02,94,8.048358648560714e-4
244,wed18.02,209,0.0017894754867544566
245,wed18.02,45,3.8529376509067244e-4
256,wed18.02,28,2.397383427230851e-4
262,wed18.02,69,5.907837731390311e-4
266,wed18.02,245,0.0020977104988269945
268,wed18.02,10,8.56208366868161e-5
271,wed18.02,53,4.5379043444012534e-4
274,wed18.02,311,0.0026628080209599807
280,wed18.02,42,3.5960751408462764e-4
300,wed18.02,176,0.0015069267256879635
306,wed18.02,195,0.001669606315392914
310,wed18.02,68,5.822216894703495e-4
317,wed18.02,165,0.0014127438053324658
329,wed18.02,147,0.0012586262992961967
344,wed18.02,88,7.534633628439818e-4
352,wed18.02,113,9.67515454561022e-4
353,wed18.02,71,6.079079404763943e-4
354,wed18.02,30,2.568625100604483e-4
358,wed18.02,39,3.339212630785828e-4
363,wed18.02,43,3.6816959775330926e-4
377,wed18.02,96,8.219600321934346e-4
394,wed18.02,82,7.02090860831892e-4
411,wed18.02,5,4.281041834340805e-5
415,wed18.02,71,6.079079404763943e-4
422,wed18.02,68,5.822216894703495e-4
425,wed18.02,67,5.736596058016679e-4
437,wed18.02,62,5.308491874582599e-4
439,wed18.02,55,4.709146017774886e-4
440,wed18.02,61,5.222871037895782e-4
443,wed18.02,60,5.137250201208966e-4
444,wed18.02,1,8.562083668681611e-6
447,wed18.02,59,5.05162936452215e-4
449,wed18.02,58,4.966008527835334e-4
456,wed18.02,56,4.794766854461702e-4
469,wed18.02,51,4.366662671027621e-4
472,wed18.02,38,3.253591794099012e-4
479,wed18.02,47,4.024179324280357e-4
488,wed18.02,42,3.5960751408462764e-4
502,wed18.02,39,3.339212630785828e-4
546,wed18.02,24,2.0549000804835865e-4
561,wed18.02,21,1.7980375704231382e-4
568,wed18.02,19,1.626795897049506e-4
573,wed18.02,18,1.54117506036269e-4
574,wed18.02,18,1.54117506036269e-4
581,wed18.02,17,1.4555542236758737e-4
637,wed18.02,6,5.137250201208966e-5
652,wed18.02,1,8.562083668681611e-6
